itemRef,name,layoutType,image,cost
"callsign_01_col","#BANNER_CALLSIGN1",0,"rui/callsigns/callsign_01_col",0
"callsign_02_col","#BANNER_CALLSIGN2",0,"rui/callsigns/callsign_02_col",100
"callsign_03_col","#BANNER_CALLSIGN3",0,"rui/callsigns/callsign_03_col",0
"callsign_04_col","#BANNER_CALLSIGN4",0,"rui/callsigns/callsign_04_col",0
"callsign_05_col","#BANNER_CALLSIGN5",0,"rui/callsigns/callsign_05_col",0
"callsign_06_col","#BANNER_CALLSIGN6",0,"rui/callsigns/callsign_06_col",0
"callsign_07_col","#BANNER_CALLSIGN7",0,"rui/callsigns/callsign_07_col",0
"callsign_08_col","#BANNER_CALLSIGN8",0,"rui/callsigns/callsign_08_col",100
"callsign_09_col","#BANNER_CALLSIGN9",0,"rui/callsigns/callsign_09_col",0
"callsign_10_col","#BANNER_CALLSIGN10",0,"rui/callsigns/callsign_10_col",100
"callsign_11_col","#BANNER_CALLSIGN11",0,"rui/callsigns/callsign_11_col",0
"callsign_12_col","#BANNER_CALLSIGN12",0,"rui/callsigns/callsign_12_col",100
"callsign_13_col","#BANNER_CALLSIGN13",0,"rui/callsigns/callsign_13_col",0
"callsign_14_col","#BANNER_CALLSIGN14",0,"rui/callsigns/callsign_14_col",0
"callsign_15_col","#BANNER_CALLSIGN15",0,"rui/callsigns/callsign_15_col",0
"callsign_16_col","#BANNER_CALLSIGN16",0,"rui/callsigns/callsign_16_col",0
"callsign_17_col","#BANNER_CALLSIGN17",0,"rui/callsigns/callsign_17_col",100
"callsign_18_col","#BANNER_CALLSIGN18",0,"rui/callsigns/callsign_18_col",0
"callsign_19_col","#BANNER_CALLSIGN19",0,"rui/callsigns/callsign_19_col",0
"callsign_20_col","#BANNER_CALLSIGN20",0,"rui/callsigns/callsign_20_col",100
"callsign_21_col","#BANNER_CALLSIGN21",0,"rui/callsigns/callsign_21_col",0
"callsign_22_col","#BANNER_CALLSIGN22",0,"rui/callsigns/callsign_22_col",0
"callsign_23_col","#BANNER_CALLSIGN23",0,"rui/callsigns/callsign_23_col",0
"callsign_24_col","#BANNER_CALLSIGN24",0,"rui/callsigns/callsign_24_col",0
"callsign_25_col","#BANNER_CALLSIGN25",0,"rui/callsigns/callsign_25_col",100
"callsign_26_col","#BANNER_CALLSIGN26",0,"rui/callsigns/callsign_26_col",0
"callsign_27_col","#BANNER_CALLSIGN27",0,"rui/callsigns/callsign_27_col",0
"callsign_28_col","#BANNER_CALLSIGN28",0,"rui/callsigns/callsign_28_col",100
"callsign_29_col","#BANNER_CALLSIGN29",0,"rui/callsigns/callsign_29_col",0
"callsign_30_col","#BANNER_CALLSIGN30",0,"rui/callsigns/callsign_30_col",0
"callsign_31_col","#BANNER_CALLSIGN31",0,"rui/callsigns/callsign_31_col",0
"callsign_32_col","#BANNER_CALLSIGN32",0,"rui/callsigns/callsign_32_col",100
"callsign_34_col","#BANNER_CALLSIGN34",0,"rui/callsigns/callsign_34_col",0
"callsign_35_col","#BANNER_CALLSIGN35",0,"rui/callsigns/callsign_35_col",0
"callsign_36_col","#BANNER_CALLSIGN36",0,"rui/callsigns/callsign_36_col",0
"callsign_37_col","#BANNER_CALLSIGN37",0,"rui/callsigns/callsign_37_col",0
"callsign_39_col","#BANNER_CALLSIGN39",0,"rui/callsigns/callsign_39_col",0
"callsign_40_col","#BANNER_CALLSIGN40",0,"rui/callsigns/callsign_40_col",0
"callsign_41_col","#BANNER_CALLSIGN41",0,"rui/callsigns/callsign_41_col",0
"callsign_42_col","#BANNER_CALLSIGN42",0,"rui/callsigns/callsign_42_col",0
"callsign_43_col","#BANNER_CALLSIGN43",0,"rui/callsigns/callsign_43_col",100
"callsign_44_col","#BANNER_CALLSIGN44",0,"rui/callsigns/callsign_44_col",100
"callsign_45_col","#BANNER_CALLSIGN45",0,"rui/callsigns/callsign_45_col",0
"callsign_46_col","#BANNER_CALLSIGN46",0,"rui/callsigns/callsign_46_col",0
"callsign_47_col","#BANNER_CALLSIGN47",0,"rui/callsigns/callsign_47_col",0
"callsign_48_col","#BANNER_CALLSIGN48",0,"rui/callsigns/callsign_48_col",0
"callsign_49_col","#BANNER_CALLSIGN49",0,"rui/callsigns/callsign_49_col",100
"callsign_50_col","#BANNER_CALLSIGN50",0,"rui/callsigns/callsign_50_col",100
"callsign_51_col","#BANNER_CALLSIGN51",0,"rui/callsigns/callsign_51_col",0
"callsign_52_col","#BANNER_CALLSIGN52",0,"rui/callsigns/callsign_52_col",100
"callsign_53_col","#BANNER_CALLSIGN53",0,"rui/callsigns/callsign_53_col",0
"callsign_54_col","#BANNER_CALLSIGN54",0,"rui/callsigns/callsign_54_col",100
"callsign_55_col","#BANNER_CALLSIGN55",0,"rui/callsigns/callsign_55_col",0
"callsign_56_col","#BANNER_CALLSIGN56",0,"rui/callsigns/callsign_56_col",100
"callsign_57_col","#BANNER_CALLSIGN57",0,"rui/callsigns/callsign_57_col",0
"callsign_58_col","#BANNER_CALLSIGN58",0,"rui/callsigns/callsign_58_col",100
"callsign_59_col","#BANNER_CALLSIGN59",0,"rui/callsigns/callsign_59_col",0
"callsign_60_col","#BANNER_CALLSIGN60",0,"rui/callsigns/callsign_60_col",100
"callsign_61_col","#BANNER_CALLSIGN61",0,"rui/callsigns/callsign_61_col",100
"callsign_62_col","#BANNER_CALLSIGN62",0,"rui/callsigns/callsign_62_col",100
"callsign_63_col","#BANNER_CALLSIGN63",0,"rui/callsigns/callsign_63_col",100
"callsign_64_col","#BANNER_CALLSIGN64",0,"rui/callsigns/callsign_64_col",100
"callsign_66_col","#BANNER_CALLSIGN66",0,"rui/callsigns/callsign_66_col",0
"callsign_67_col","#BANNER_CALLSIGN67",0,"rui/callsigns/callsign_67_col",0
"callsign_68_col","#BANNER_CALLSIGN68",0,"rui/callsigns/callsign_68_col",0
"callsign_69_col","#BANNER_CALLSIGN69",0,"rui/callsigns/callsign_69_col",0
"callsign_70_col","#BANNER_CALLSIGN70",0,"rui/callsigns/callsign_70_col",0
"callsign_71_col","#BANNER_CALLSIGN71",0,"rui/callsigns/callsign_71_col",100
"callsign_72_col","#BANNER_CALLSIGN72",0,"rui/callsigns/callsign_72_col",100
"callsign_73_col","#BANNER_CALLSIGN73",0,"rui/callsigns/callsign_73_col",100
"callsign_74_col","#BANNER_CALLSIGN74",0,"rui/callsigns/callsign_74_col",100
"callsign_75_col","#BANNER_CALLSIGN75",0,"rui/callsigns/callsign_75_col",0
"callsign_76_col","#BANNER_CALLSIGN76",0,"rui/callsigns/callsign_76_col",0
"callsign_77_col","#BANNER_CALLSIGN77",0,"rui/callsigns/callsign_77_col",100
"callsign_78_col","#BANNER_CALLSIGN78",0,"rui/callsigns/callsign_78_col",0
"callsign_79_col","#BANNER_CALLSIGN79",0,"rui/callsigns/callsign_79_col",0
"callsign_80_col","#BANNER_CALLSIGN80",0,"rui/callsigns/callsign_80_col",100
"callsign_81_col","#BANNER_CALLSIGN81",0,"rui/callsigns/callsign_81_col",100
"callsign_82_col","#BANNER_CALLSIGN82",0,"rui/callsigns/callsign_82_col",100
"callsign_83_col","#BANNER_CALLSIGN83",0,"rui/callsigns/callsign_83_col",100
"callsign_84_col","#BANNER_CALLSIGN84",0,"rui/callsigns/callsign_84_col",100
"callsign_85_col","#BANNER_CALLSIGN85",0,"rui/callsigns/callsign_85_col",100
"callsign_86_col","#BANNER_CALLSIGN86",0,"rui/callsigns/callsign_86_col",100
"callsign_87_col","#BANNER_CALLSIGN87",0,"rui/callsigns/callsign_87_col",100
"callsign_88_col","#BANNER_CALLSIGN88",0,"rui/callsigns/callsign_88_col",100
"callsign_89_col","#BANNER_CALLSIGN89",0,"rui/callsigns/callsign_89_col",100
"callsign_90_col","#BANNER_CALLSIGN90",0,"rui/callsigns/callsign_90_col",100
"callsign_91_col","#BANNER_CALLSIGN91",0,"rui/callsigns/callsign_91_col",100
"callsign_92_col","#BANNER_CALLSIGN92",0,"rui/callsigns/callsign_92_col",0
"callsign_93_col","#BANNER_CALLSIGN93",0,"rui/callsigns/callsign_93_col",100
"callsign_94_col","#BANNER_CALLSIGN94",0,"rui/callsigns/callsign_94_col",0
"callsign_95_col","#BANNER_CALLSIGN95",0,"rui/callsigns/callsign_95_col",100
"callsign_96_col","#BANNER_CALLSIGN96",0,"rui/callsigns/callsign_96_col",0
"callsign_97_col","#BANNER_CALLSIGN97",0,"rui/callsigns/callsign_97_col",0
"callsign_98_col","#BANNER_CALLSIGN98",0,"rui/callsigns/callsign_98_col",100
"callsign_99_col","#BANNER_CALLSIGN99",0,"rui/callsigns/callsign_99_col",0
"callsign_100_col","#BANNER_CALLSIGN100",0,"rui/callsigns/callsign_100_col",0
"callsign_101_col","#BANNER_CALLSIGN101",0,"rui/callsigns/callsign_101_col",100
"callsign_102_col","#BANNER_CALLSIGN102",0,"rui/callsigns/callsign_102_col",100
"callsign_103_col","#BANNER_CALLSIGN103",0,"rui/callsigns/callsign_103_col",0
"callsign_104_col","#BANNER_CALLSIGN104",0,"rui/callsigns/callsign_104_col",0
"callsign_02_col_prism","#BANNER_PRISM_CALLSIGN2",1,"rui/callsigns/callsign_02_col",250
"callsign_08_col_prism","#BANNER_PRISM_CALLSIGN8",1,"rui/callsigns/callsign_08_col",250
"callsign_10_col_prism","#BANNER_PRISM_CALLSIGN10",1,"rui/callsigns/callsign_10_col",250
"callsign_12_col_prism","#BANNER_PRISM_CALLSIGN12",1,"rui/callsigns/callsign_12_col",250
"callsign_17_col_prism","#BANNER_PRISM_CALLSIGN17",1,"rui/callsigns/callsign_17_col",250
"callsign_20_col_prism","#BANNER_PRISM_CALLSIGN20",1,"rui/callsigns/callsign_20_col",250
"callsign_25_col_prism","#BANNER_PRISM_CALLSIGN25",1,"rui/callsigns/callsign_25_col",250
"callsign_28_col_prism","#BANNER_PRISM_CALLSIGN28",1,"rui/callsigns/callsign_28_col",250
"callsign_32_col_prism","#BANNER_PRISM_CALLSIGN32",1,"rui/callsigns/callsign_32_col",250
"callsign_43_col_prism","#BANNER_PRISM_CALLSIGN43",1,"rui/callsigns/callsign_43_col",250
"callsign_44_col_prism","#BANNER_PRISM_CALLSIGN44",1,"rui/callsigns/callsign_44_col",250
"callsign_49_col_prism","#BANNER_PRISM_CALLSIGN49",1,"rui/callsigns/callsign_49_col",250
"callsign_50_col_prism","#BANNER_PRISM_CALLSIGN50",1,"rui/callsigns/callsign_50_col",250
"callsign_52_col_prism","#BANNER_PRISM_CALLSIGN52",1,"rui/callsigns/callsign_52_col",250
"callsign_54_col_prism","#BANNER_PRISM_CALLSIGN54",1,"rui/callsigns/callsign_54_col",250
"callsign_56_col_prism","#BANNER_PRISM_CALLSIGN56",1,"rui/callsigns/callsign_56_col",250
"callsign_58_col_prism","#BANNER_PRISM_CALLSIGN58",1,"rui/callsigns/callsign_58_col",250
"callsign_60_col_prism","#BANNER_PRISM_CALLSIGN60",1,"rui/callsigns/callsign_60_col",250
"callsign_61_col_prism","#BANNER_PRISM_CALLSIGN61",1,"rui/callsigns/callsign_61_col",250
"callsign_62_col_prism","#BANNER_PRISM_CALLSIGN62",1,"rui/callsigns/callsign_62_col",250
"callsign_63_col_prism","#BANNER_PRISM_CALLSIGN63",1,"rui/callsigns/callsign_63_col",250
"callsign_64_col_prism","#BANNER_PRISM_CALLSIGN64",1,"rui/callsigns/callsign_64_col",250
"callsign_71_col_prism","#BANNER_PRISM_CALLSIGN71",1,"rui/callsigns/callsign_71_col",250
"callsign_72_col_prism","#BANNER_PRISM_CALLSIGN72",1,"rui/callsigns/callsign_72_col",250
"callsign_73_col_prism","#BANNER_PRISM_CALLSIGN73",1,"rui/callsigns/callsign_73_col",250
"callsign_74_col_prism","#BANNER_PRISM_CALLSIGN74",1,"rui/callsigns/callsign_74_col",250
"callsign_77_col_prism","#BANNER_PRISM_CALLSIGN77",1,"rui/callsigns/callsign_77_col",250
"callsign_80_col_prism","#BANNER_PRISM_CALLSIGN80",1,"rui/callsigns/callsign_80_col",250
"callsign_81_col_prism","#BANNER_PRISM_CALLSIGN81",1,"rui/callsigns/callsign_81_col",250
"callsign_82_col_prism","#BANNER_PRISM_CALLSIGN82",1,"rui/callsigns/callsign_82_col",250
"callsign_83_col_prism","#BANNER_PRISM_CALLSIGN83",1,"rui/callsigns/callsign_83_col",250
"callsign_84_col_prism","#BANNER_PRISM_CALLSIGN84",1,"rui/callsigns/callsign_84_col",250
"callsign_85_col_prism","#BANNER_PRISM_CALLSIGN85",1,"rui/callsigns/callsign_85_col",250
"callsign_86_col_prism","#BANNER_PRISM_CALLSIGN86",1,"rui/callsigns/callsign_86_col",250
"callsign_87_col_prism","#BANNER_PRISM_CALLSIGN87",1,"rui/callsigns/callsign_87_col",250
"callsign_88_col_prism","#BANNER_PRISM_CALLSIGN88",1,"rui/callsigns/callsign_88_col",250
"callsign_89_col_prism","#BANNER_PRISM_CALLSIGN89",1,"rui/callsigns/callsign_89_col",250
"callsign_90_col_prism","#BANNER_PRISM_CALLSIGN90",1,"rui/callsigns/callsign_90_col",250
"callsign_91_col_prism","#BANNER_PRISM_CALLSIGN91",1,"rui/callsigns/callsign_91_col",250
"callsign_93_col_prism","#BANNER_PRISM_CALLSIGN93",1,"rui/callsigns/callsign_93_col",250
"callsign_95_col_prism","#BANNER_PRISM_CALLSIGN95",1,"rui/callsigns/callsign_95_col",250
"callsign_98_col_prism","#BANNER_PRISM_CALLSIGN98",1,"rui/callsigns/callsign_98_col",250
"callsign_101_col_prism","#BANNER_PRISM_CALLSIGN101",1,"rui/callsigns/callsign_101_col",250
"callsign_102_col_prism","#BANNER_PRISM_CALLSIGN102",1,"rui/callsigns/callsign_102_col",250
"callsign_16_col_gold","#BANNER_GOLD_CALLSIGN16",2,"rui/callsigns/callsign_16_col",0
"callsign_01_col_gold","#BANNER_GOLD_CALLSIGN1",2,"rui/callsigns/callsign_01_col",0
"callsign_03_col_gold","#BANNER_GOLD_CALLSIGN3",2,"rui/callsigns/callsign_03_col",0
"callsign_04_col_gold","#BANNER_GOLD_CALLSIGN4",2,"rui/callsigns/callsign_04_col",0
"callsign_05_col_gold","#BANNER_GOLD_CALLSIGN5",2,"rui/callsigns/callsign_05_col",0
"callsign_06_col_gold","#BANNER_GOLD_CALLSIGN6",2,"rui/callsigns/callsign_06_col",0
"callsign_07_col_gold","#BANNER_GOLD_CALLSIGN7",2,"rui/callsigns/callsign_07_col",0
"callsign_09_col_gold","#BANNER_GOLD_CALLSIGN9",2,"rui/callsigns/callsign_09_col",0
"callsign_11_col_gold","#BANNER_GOLD_CALLSIGN11",2,"rui/callsigns/callsign_11_col",0
"callsign_13_col_gold","#BANNER_GOLD_CALLSIGN13",2,"rui/callsigns/callsign_13_col",0
"callsign_14_col_gold","#BANNER_GOLD_CALLSIGN14",2,"rui/callsigns/callsign_14_col",0
"callsign_15_col_gold","#BANNER_GOLD_CALLSIGN15",2,"rui/callsigns/callsign_15_col",0
"callsign_18_col_gold","#BANNER_GOLD_CALLSIGN18",2,"rui/callsigns/callsign_18_col",0
"callsign_19_col_gold","#BANNER_GOLD_CALLSIGN19",2,"rui/callsigns/callsign_19_col",0
"callsign_21_col_gold","#BANNER_GOLD_CALLSIGN21",2,"rui/callsigns/callsign_21_col",0
"callsign_22_col_gold","#BANNER_GOLD_CALLSIGN22",2,"rui/callsigns/callsign_22_col",0
"callsign_23_col_gold","#BANNER_GOLD_CALLSIGN23",2,"rui/callsigns/callsign_23_col",0
"callsign_24_col_gold","#BANNER_GOLD_CALLSIGN24",2,"rui/callsigns/callsign_24_col",0
"callsign_26_col_gold","#BANNER_GOLD_CALLSIGN26",2,"rui/callsigns/callsign_26_col",0
"callsign_27_col_gold","#BANNER_GOLD_CALLSIGN27",2,"rui/callsigns/callsign_27_col",0
"callsign_29_col_gold","#BANNER_GOLD_CALLSIGN29",2,"rui/callsigns/callsign_29_col",0
"callsign_30_col_gold","#BANNER_GOLD_CALLSIGN30",2,"rui/callsigns/callsign_30_col",0
"callsign_31_col_gold","#BANNER_GOLD_CALLSIGN31",2,"rui/callsigns/callsign_31_col",0
"callsign_33_col_gold","#BANNER_GOLD_CALLSIGN33",2,"rui/callsigns/callsign_33_col",0
"callsign_34_col_gold","#BANNER_GOLD_CALLSIGN34",2,"rui/callsigns/callsign_34_col",0
"callsign_35_col_gold","#BANNER_GOLD_CALLSIGN35",2,"rui/callsigns/callsign_35_col",0
"callsign_36_col_gold","#BANNER_GOLD_CALLSIGN36",2,"rui/callsigns/callsign_36_col",0
"callsign_37_col_gold","#BANNER_GOLD_CALLSIGN37",2,"rui/callsigns/callsign_37_col",0
"callsign_38_col_gold","#BANNER_GOLD_CALLSIGN38",2,"rui/callsigns/callsign_38_col",0
"callsign_39_col_gold","#BANNER_GOLD_CALLSIGN39",2,"rui/callsigns/callsign_39_col",0
"callsign_40_col_gold","#BANNER_GOLD_CALLSIGN40",2,"rui/callsigns/callsign_40_col",0
"callsign_41_col_gold","#BANNER_GOLD_CALLSIGN41",2,"rui/callsigns/callsign_41_col",0
"callsign_42_col_gold","#BANNER_GOLD_CALLSIGN42",2,"rui/callsigns/callsign_42_col",0
"callsign_45_col_gold","#BANNER_GOLD_CALLSIGN45",2,"rui/callsigns/callsign_45_col",0
"callsign_46_col_gold","#BANNER_GOLD_CALLSIGN46",2,"rui/callsigns/callsign_46_col",0
"callsign_47_col_gold","#BANNER_GOLD_CALLSIGN47",2,"rui/callsigns/callsign_47_col",0
"callsign_48_col_gold","#BANNER_GOLD_CALLSIGN48",2,"rui/callsigns/callsign_48_col",0
"callsign_51_col_gold","#BANNER_GOLD_CALLSIGN51",2,"rui/callsigns/callsign_51_col",0
"callsign_53_col_gold","#BANNER_GOLD_CALLSIGN53",2,"rui/callsigns/callsign_53_col",0
"callsign_55_col_gold","#BANNER_GOLD_CALLSIGN55",2,"rui/callsigns/callsign_55_col",0
"callsign_57_col_gold","#BANNER_GOLD_CALLSIGN57",2,"rui/callsigns/callsign_57_col",0
"callsign_59_col_gold","#BANNER_GOLD_CALLSIGN59",2,"rui/callsigns/callsign_59_col",0
"callsign_65_col_gold","#BANNER_GOLD_CALLSIGN65",2,"rui/callsigns/callsign_65_col",0
"callsign_66_col_gold","#BANNER_GOLD_CALLSIGN66",2,"rui/callsigns/callsign_66_col",0
"callsign_67_col_gold","#BANNER_GOLD_CALLSIGN67",2,"rui/callsigns/callsign_67_col",0
"callsign_68_col_gold","#BANNER_GOLD_CALLSIGN68",2,"rui/callsigns/callsign_68_col",0
"callsign_69_col_gold","#BANNER_GOLD_CALLSIGN69",2,"rui/callsigns/callsign_69_col",0
"callsign_70_col_gold","#BANNER_GOLD_CALLSIGN70",2,"rui/callsigns/callsign_70_col",0
"callsign_71_col_gold","#BANNER_GOLD_CALLSIGN71",2,"rui/callsigns/callsign_71_col",0
"callsign_75_col_gold","#BANNER_GOLD_CALLSIGN75",2,"rui/callsigns/callsign_75_col",0
"callsign_76_col_gold","#BANNER_GOLD_CALLSIGN76",2,"rui/callsigns/callsign_76_col",0
"callsign_78_col_gold","#BANNER_GOLD_CALLSIGN78",2,"rui/callsigns/callsign_78_col",0
"callsign_79_col_gold","#BANNER_GOLD_CALLSIGN79",2,"rui/callsigns/callsign_79_col",0
"callsign_92_col_gold","#BANNER_GOLD_CALLSIGN92",2,"rui/callsigns/callsign_92_col",0
"callsign_94_col_gold","#BANNER_GOLD_CALLSIGN94",2,"rui/callsigns/callsign_94_col",0
"callsign_96_col_gold","#BANNER_GOLD_CALLSIGN96",2,"rui/callsigns/callsign_96_col",0
"callsign_97_col_gold","#BANNER_GOLD_CALLSIGN97",2,"rui/callsigns/callsign_97_col",0
"callsign_99_col_gold","#BANNER_GOLD_CALLSIGN99",2,"rui/callsigns/callsign_99_col",0
"callsign_100_col_gold","#BANNER_GOLD_CALLSIGN100",2,"rui/callsigns/callsign_100_col",0
"callsign_103_col_gold","#BANNER_GOLD_CALLSIGN103",2,"rui/callsigns/callsign_103_col",0
"callsign_104_col_gold","#BANNER_GOLD_CALLSIGN104",2,"rui/callsigns/callsign_104_col",0
"callsign_105_col_gold","#BANNER_GOLD_CALLSIGN105",2,"rui/callsigns/callsign_105_col",0
"callsign_16_col_fire","#BANNER_FIRE_CALLSIGN16",3,"rui/callsigns/callsign_16_col",0
"callsign_01_col_fire","#BANNER_FIRE_CALLSIGN1",3,"rui/callsigns/callsign_01_col",0
"callsign_03_col_fire","#BANNER_FIRE_CALLSIGN3",3,"rui/callsigns/callsign_03_col",0
"callsign_04_col_fire","#BANNER_FIRE_CALLSIGN4",3,"rui/callsigns/callsign_04_col",0
"callsign_05_col_fire","#BANNER_FIRE_CALLSIGN5",3,"rui/callsigns/callsign_05_col",0
"callsign_06_col_fire","#BANNER_FIRE_CALLSIGN6",3,"rui/callsigns/callsign_06_col",0
"callsign_07_col_fire","#BANNER_FIRE_CALLSIGN7",3,"rui/callsigns/callsign_07_col",0
"callsign_09_col_fire","#BANNER_FIRE_CALLSIGN9",3,"rui/callsigns/callsign_09_col",0
"callsign_11_col_fire","#BANNER_FIRE_CALLSIGN11",3,"rui/callsigns/callsign_11_col",0
"callsign_13_col_fire","#BANNER_FIRE_CALLSIGN13",3,"rui/callsigns/callsign_13_col",0
"callsign_14_col_fire","#BANNER_FIRE_CALLSIGN14",3,"rui/callsigns/callsign_14_col",0
"callsign_15_col_fire","#BANNER_FIRE_CALLSIGN15",3,"rui/callsigns/callsign_15_col",0
"callsign_18_col_fire","#BANNER_FIRE_CALLSIGN18",3,"rui/callsigns/callsign_18_col",0
"callsign_19_col_fire","#BANNER_FIRE_CALLSIGN19",3,"rui/callsigns/callsign_19_col",0
"callsign_21_col_fire","#BANNER_FIRE_CALLSIGN21",3,"rui/callsigns/callsign_21_col",0
"callsign_22_col_fire","#BANNER_FIRE_CALLSIGN22",3,"rui/callsigns/callsign_22_col",0
"callsign_23_col_fire","#BANNER_FIRE_CALLSIGN23",3,"rui/callsigns/callsign_23_col",0
"callsign_24_col_fire","#BANNER_FIRE_CALLSIGN24",3,"rui/callsigns/callsign_24_col",0
"callsign_26_col_fire","#BANNER_FIRE_CALLSIGN26",3,"rui/callsigns/callsign_26_col",0
"callsign_27_col_fire","#BANNER_FIRE_CALLSIGN27",3,"rui/callsigns/callsign_27_col",0
"callsign_29_col_fire","#BANNER_FIRE_CALLSIGN29",3,"rui/callsigns/callsign_29_col",0
"callsign_30_col_fire","#BANNER_FIRE_CALLSIGN30",3,"rui/callsigns/callsign_30_col",0
"callsign_31_col_fire","#BANNER_FIRE_CALLSIGN31",3,"rui/callsigns/callsign_31_col",0
"callsign_34_col_fire","#BANNER_FIRE_CALLSIGN34",3,"rui/callsigns/callsign_34_col",0
"callsign_35_col_fire","#BANNER_FIRE_CALLSIGN35",3,"rui/callsigns/callsign_35_col",0
"callsign_36_col_fire","#BANNER_FIRE_CALLSIGN36",3,"rui/callsigns/callsign_36_col",0
"callsign_37_col_fire","#BANNER_FIRE_CALLSIGN37",3,"rui/callsigns/callsign_37_col",0
"callsign_39_col_fire","#BANNER_FIRE_CALLSIGN39",3,"rui/callsigns/callsign_39_col",0
"callsign_40_col_fire","#BANNER_FIRE_CALLSIGN40",3,"rui/callsigns/callsign_40_col",0
"callsign_41_col_fire","#BANNER_FIRE_CALLSIGN41",3,"rui/callsigns/callsign_41_col",0
"callsign_42_col_fire","#BANNER_FIRE_CALLSIGN42",3,"rui/callsigns/callsign_42_col",0
"callsign_45_col_fire","#BANNER_FIRE_CALLSIGN45",3,"rui/callsigns/callsign_45_col",0
"callsign_46_col_fire","#BANNER_FIRE_CALLSIGN46",3,"rui/callsigns/callsign_46_col",0
"callsign_47_col_fire","#BANNER_FIRE_CALLSIGN47",3,"rui/callsigns/callsign_47_col",0
"callsign_48_col_fire","#BANNER_FIRE_CALLSIGN48",3,"rui/callsigns/callsign_48_col",0
"callsign_51_col_fire","#BANNER_FIRE_CALLSIGN51",3,"rui/callsigns/callsign_51_col",0
"callsign_53_col_fire","#BANNER_FIRE_CALLSIGN53",3,"rui/callsigns/callsign_53_col",0
"callsign_55_col_fire","#BANNER_FIRE_CALLSIGN55",3,"rui/callsigns/callsign_55_col",0
"callsign_57_col_fire","#BANNER_FIRE_CALLSIGN57",3,"rui/callsigns/callsign_57_col",0
"callsign_59_col_fire","#BANNER_FIRE_CALLSIGN59",3,"rui/callsigns/callsign_59_col",0
"callsign_66_col_fire","#BANNER_FIRE_CALLSIGN66",3,"rui/callsigns/callsign_66_col",0
"callsign_67_col_fire","#BANNER_FIRE_CALLSIGN67",3,"rui/callsigns/callsign_67_col",0
"callsign_68_col_fire","#BANNER_FIRE_CALLSIGN68",3,"rui/callsigns/callsign_68_col",0
"callsign_69_col_fire","#BANNER_FIRE_CALLSIGN69",3,"rui/callsigns/callsign_69_col",0
"callsign_70_col_fire","#BANNER_FIRE_CALLSIGN70",3,"rui/callsigns/callsign_70_col",0
"callsign_75_col_fire","#BANNER_FIRE_CALLSIGN75",3,"rui/callsigns/callsign_75_col",0
"callsign_76_col_fire","#BANNER_FIRE_CALLSIGN76",3,"rui/callsigns/callsign_76_col",0
"callsign_78_col_fire","#BANNER_FIRE_CALLSIGN78",3,"rui/callsigns/callsign_78_col",0
"callsign_79_col_fire","#BANNER_FIRE_CALLSIGN79",3,"rui/callsigns/callsign_79_col",0
"callsign_92_col_fire","#BANNER_FIRE_CALLSIGN92",3,"rui/callsigns/callsign_92_col",0
"callsign_94_col_fire","#BANNER_FIRE_CALLSIGN94",3,"rui/callsigns/callsign_94_col",0
"callsign_96_col_fire","#BANNER_FIRE_CALLSIGN96",3,"rui/callsigns/callsign_96_col",0
"callsign_97_col_fire","#BANNER_FIRE_CALLSIGN97",3,"rui/callsigns/callsign_97_col",0
"callsign_99_col_fire","#BANNER_FIRE_CALLSIGN99",3,"rui/callsigns/callsign_99_col",0
"callsign_100_col_fire","#BANNER_FIRE_CALLSIGN100",3,"rui/callsigns/callsign_100_col",0
"callsign_103_col_fire","#BANNER_FIRE_CALLSIGN103",3,"rui/callsigns/callsign_103_col",0
"callsign_104_col_fire","#BANNER_FIRE_CALLSIGN104",3,"rui/callsigns/callsign_104_col",0
"callsign_106_col","#BANNER_CALLSIGN106",0,"rui/callsigns/callsign_106_col",0
"callsign_107_col","#BANNER_CALLSIGN107",0,"rui/callsigns/callsign_107_col",0
"callsign_108_col","#BANNER_CALLSIGN108",0,"rui/callsigns/callsign_108_col",0
"callsign_109_col","#BANNER_CALLSIGN109",0,"rui/callsigns/callsign_109_col",0
"callsign_110_col","#BANNER_CALLSIGN110",0,"rui/callsigns/callsign_110_col",0
"callsign_111_col","#BANNER_CALLSIGN111",0,"rui/callsigns/callsign_111_col",0
"callsign_112_col","#BANNER_CALLSIGN112",0,"rui/callsigns/callsign_112_col",0
"callsign_113_col","#BANNER_CALLSIGN113",0,"rui/callsigns/callsign_113_col",0
"callsign_114_col","#BANNER_CALLSIGN114",0,"rui/callsigns/callsign_114_col",0
"callsign_115_col","#BANNER_CALLSIGN115",0,"rui/callsigns/callsign_115_col",0
"callsign_116_col","#BANNER_CALLSIGN116",0,"rui/callsigns/callsign_116_col",0
"callsign_117_col","#BANNER_CALLSIGN117",0,"rui/callsigns/callsign_117_col",0
"callsign_118_col","#BANNER_CALLSIGN118",0,"rui/callsigns/callsign_118_col",0
"callsign_119_col","#BANNER_CALLSIGN119",0,"rui/callsigns/callsign_119_col",0
"callsign_120_col","#BANNER_CALLSIGN120",0,"rui/callsigns/callsign_120_col",0
"callsign_121_col","#BANNER_CALLSIGN121",0,"rui/callsigns/callsign_121_col",0
"callsign_122_col","#BANNER_CALLSIGN122",0,"rui/callsigns/callsign_122_col",0
"callsign_123_col","#BANNER_CALLSIGN123",0,"rui/callsigns/callsign_123_col",0
"callsign_124_col","#BANNER_CALLSIGN124",0,"rui/callsigns/callsign_124_col",0
"callsign_125_col","#BANNER_CALLSIGN125",0,"rui/callsigns/callsign_125_col",0
"callsign_139_col","#BANNER_CALLSIGN139",0,"rui/callsigns/callsign_139_col",0
"callsign_139_col_fire","#BANNER_FIRE_CALLSIGN139",3,"rui/callsigns/callsign_139_col",0
"callsign_139_col_gold","#BANNER_GOLD_CALLSIGN139",2,"rui/callsigns/callsign_139_col",0
"callsign_126_col","#BANNER_CALLSIGN126",0,"rui/callsigns/callsign_126_col",0
"callsign_127_col","#BANNER_CALLSIGN127",0,"rui/callsigns/callsign_127_col",0
"callsign_128_col","#BANNER_CALLSIGN128",0,"rui/callsigns/callsign_128_col",0
"callsign_129_col","#BANNER_CALLSIGN129",0,"rui/callsigns/callsign_129_col",0
"callsign_130_col","#BANNER_CALLSIGN130",0,"rui/callsigns/callsign_130_col",0
"callsign_131_col","#BANNER_CALLSIGN131",0,"rui/callsigns/callsign_131_col",0
"callsign_132_col","#BANNER_CALLSIGN132",0,"rui/callsigns/callsign_132_col",0
"callsign_133_col","#BANNER_CALLSIGN133",0,"rui/callsigns/callsign_133_col",0
"callsign_134_col","#BANNER_CALLSIGN134",0,"rui/callsigns/callsign_134_col",0
"callsign_135_col","#BANNER_CALLSIGN135",0,"rui/callsigns/callsign_135_col",0
"callsign_136_col","#BANNER_CALLSIGN136",0,"rui/callsigns/callsign_136_col",0
"callsign_137_col","#BANNER_CALLSIGN137",0,"rui/callsigns/callsign_137_col",0
"callsign_138_col","#BANNER_CALLSIGN138",0,"rui/callsigns/callsign_138_col",0
"callsign_125_col_fire","#BANNER_FIRE_CALLSIGN125",3,"rui/callsigns/callsign_125_col",0
"callsign_126_col_fire","#BANNER_FIRE_CALLSIGN126",3,"rui/callsigns/callsign_126_col",0
"callsign_127_col_fire","#BANNER_FIRE_CALLSIGN127",3,"rui/callsigns/callsign_127_col",0
"callsign_128_col_fire","#BANNER_FIRE_CALLSIGN128",3,"rui/callsigns/callsign_128_col",0
"callsign_129_col_fire","#BANNER_FIRE_CALLSIGN129",3,"rui/callsigns/callsign_129_col",0
"callsign_130_col_fire","#BANNER_FIRE_CALLSIGN130",3,"rui/callsigns/callsign_130_col",0
"callsign_131_col_fire","#BANNER_FIRE_CALLSIGN131",3,"rui/callsigns/callsign_131_col",0
"callsign_132_col_fire","#BANNER_FIRE_CALLSIGN132",3,"rui/callsigns/callsign_132_col",0
"callsign_133_col_fire","#BANNER_FIRE_CALLSIGN133",3,"rui/callsigns/callsign_133_col",0
"callsign_134_col_fire","#BANNER_FIRE_CALLSIGN134",3,"rui/callsigns/callsign_134_col",0
"callsign_135_col_fire","#BANNER_FIRE_CALLSIGN135",3,"rui/callsigns/callsign_135_col",0
"callsign_136_col_fire","#BANNER_FIRE_CALLSIGN136",3,"rui/callsigns/callsign_136_col",0
"callsign_137_col_fire","#BANNER_FIRE_CALLSIGN137",3,"rui/callsigns/callsign_137_col",0
"callsign_138_col_fire","#BANNER_FIRE_CALLSIGN138",3,"rui/callsigns/callsign_138_col",0
"callsign_125_col_gold","#BANNER_GOLD_CALLSIGN125",2,"rui/callsigns/callsign_125_col",0
"callsign_126_col_gold","#BANNER_GOLD_CALLSIGN126",2,"rui/callsigns/callsign_126_col",0
"callsign_127_col_gold","#BANNER_GOLD_CALLSIGN127",2,"rui/callsigns/callsign_127_col",0
"callsign_128_col_gold","#BANNER_GOLD_CALLSIGN128",2,"rui/callsigns/callsign_128_col",0
"callsign_129_col_gold","#BANNER_GOLD_CALLSIGN129",2,"rui/callsigns/callsign_129_col",0
"callsign_130_col_gold","#BANNER_GOLD_CALLSIGN130",2,"rui/callsigns/callsign_130_col",0
"callsign_131_col_gold","#BANNER_GOLD_CALLSIGN131",2,"rui/callsigns/callsign_131_col",0
"callsign_132_col_gold","#BANNER_GOLD_CALLSIGN132",2,"rui/callsigns/callsign_132_col",0
"callsign_133_col_gold","#BANNER_GOLD_CALLSIGN133",2,"rui/callsigns/callsign_133_col",0
"callsign_134_col_gold","#BANNER_GOLD_CALLSIGN134",2,"rui/callsigns/callsign_134_col",0
"callsign_135_col_gold","#BANNER_GOLD_CALLSIGN135",2,"rui/callsigns/callsign_135_col",0
"callsign_136_col_gold","#BANNER_GOLD_CALLSIGN136",2,"rui/callsigns/callsign_136_col",0
"callsign_137_col_gold","#BANNER_GOLD_CALLSIGN137",2,"rui/callsigns/callsign_137_col",0
"callsign_138_col_gold","#BANNER_GOLD_CALLSIGN138",2,"rui/callsigns/callsign_138_col",0
"callsign_125_col_prism","#BANNER_PRISM_CALLSIGN125",1,"rui/callsigns/callsign_125_col",0
"callsign_126_col_prism","#BANNER_PRISM_CALLSIGN126",1,"rui/callsigns/callsign_126_col",1500
"callsign_127_col_prism","#BANNER_PRISM_CALLSIGN127",1,"rui/callsigns/callsign_127_col",1500
"callsign_128_col_prism","#BANNER_PRISM_CALLSIGN128",1,"rui/callsigns/callsign_128_col",0
"callsign_129_col_prism","#BANNER_PRISM_CALLSIGN129",1,"rui/callsigns/callsign_129_col",0
"callsign_130_col_prism","#BANNER_PRISM_CALLSIGN130",1,"rui/callsigns/callsign_130_col",1500
"callsign_131_col_prism","#BANNER_PRISM_CALLSIGN131",1,"rui/callsigns/callsign_131_col",1500
"callsign_132_col_prism","#BANNER_PRISM_CALLSIGN132",1,"rui/callsigns/callsign_132_col",0
"callsign_133_col_prism","#BANNER_PRISM_CALLSIGN133",1,"rui/callsigns/callsign_133_col",0
"callsign_134_col_prism","#BANNER_PRISM_CALLSIGN134",1,"rui/callsigns/callsign_134_col",0
"callsign_135_col_prism","#BANNER_PRISM_CALLSIGN135",1,"rui/callsigns/callsign_135_col",0
"callsign_136_col_prism","#BANNER_PRISM_CALLSIGN136",1,"rui/callsigns/callsign_136_col",0
"callsign_137_col_prism","#BANNER_PRISM_CALLSIGN137",1,"rui/callsigns/callsign_137_col",0
"callsign_138_col_prism","#BANNER_PRISM_CALLSIGN138",1,"rui/callsigns/callsign_138_col",0
"callsign_140_col","#BANNER_CALLSIGN140",0,"rui/callsigns/callsign_140_col",0
"callsign_141_col","#BANNER_CALLSIGN141",0,"rui/callsigns/callsign_141_col",0
"callsign_142_col","#BANNER_CALLSIGN142",0,"rui/callsigns/callsign_142_col",0
"callsign_140_col_fire","#BANNER_FIRE_CALLSIGN140",3,"rui/callsigns/callsign_140_col",0
"callsign_141_col_fire","#BANNER_FIRE_CALLSIGN141",3,"rui/callsigns/callsign_141_col",0
"callsign_142_col_fire","#BANNER_FIRE_CALLSIGN142",3,"rui/callsigns/callsign_142_col",0
"callsign_140_col_gold","#BANNER_GOLD_CALLSIGN140",2,"rui/callsigns/callsign_140_col",0
"callsign_141_col_gold","#BANNER_GOLD_CALLSIGN141",2,"rui/callsigns/callsign_141_col",0
"callsign_142_col_gold","#BANNER_GOLD_CALLSIGN142",2,"rui/callsigns/callsign_142_col",0
"callsign_143_col","#BANNER_CALLSIGN143",0,"rui/callsigns/callsign_143_col",0
"callsign_144_col","#BANNER_CALLSIGN144",0,"rui/callsigns/callsign_144_col",0
"callsign_145_col","#BANNER_CALLSIGN145",0,"rui/callsigns/callsign_145_col",0
"callsign_146_col","#BANNER_CALLSIGN146",0,"rui/callsigns/callsign_146_col",0
"callsign_147_col","#BANNER_CALLSIGN147",0,"rui/callsigns/callsign_147_col",0
"callsign_148_col","#BANNER_CALLSIGN148",0,"rui/callsigns/callsign_148_col",0
"callsign_149_col","#BANNER_CALLSIGN149",0,"rui/callsigns/callsign_149_col",0
"callsign_150_col","#BANNER_CALLSIGN150",0,"rui/callsigns/callsign_150_col",0
"callsign_151_col","#BANNER_CALLSIGN151",0,"rui/callsigns/callsign_151_col",0
"callsign_152_col","#BANNER_CALLSIGN152",0,"rui/callsigns/callsign_152_col",0
"callsign_153_col","#BANNER_CALLSIGN153",0,"rui/callsigns/callsign_153_col",0
"callsign_154_col","#BANNER_CALLSIGN154",0,"rui/callsigns/callsign_154_col",0
"callsign_155_col","#BANNER_CALLSIGN155",0,"rui/callsigns/callsign_155_col",0
"callsign_156_col","#BANNER_CALLSIGN156",0,"rui/callsigns/callsign_156_col",0
"callsign_157_col","#BANNER_CALLSIGN157",0,"rui/callsigns/callsign_157_col",0
"callsign_158_col","#BANNER_CALLSIGN158",0,"rui/callsigns/callsign_158_col",0
"callsign_159_col","#BANNER_CALLSIGN159",0,"rui/callsigns/callsign_159_col",0
"callsign_160_col","#BANNER_CALLSIGN160",0,"rui/callsigns/callsign_160_col",0
"callsign_161_col","#BANNER_CALLSIGN161",0,"rui/callsigns/callsign_161_col",0
"callsign_162_col","#BANNER_CALLSIGN162",0,"rui/callsigns/callsign_162_col",0
"callsign_163_col","#BANNER_CALLSIGN163",0,"rui/callsigns/callsign_163_col",0
"callsign_164_col","#BANNER_CALLSIGN164",0,"rui/callsigns/callsign_164_col",0
"callsign_163_col_prism","#BANNER_PRISM_CALLSIGN163",1,"rui/callsigns/callsign_163_col",0
"callsign_164_col_prism","#BANNER_PRISM_CALLSIGN164",1,"rui/callsigns/callsign_164_col",0
"callsign_163_col_gold","#BANNER_GOLD_CALLSIGN163",2,"rui/callsigns/callsign_163_col",0
"callsign_164_col_gold","#BANNER_GOLD_CALLSIGN164",2,"rui/callsigns/callsign_164_col",0
"callsign_163_col_fire","#BANNER_FIRE_CALLSIGN163",3,"rui/callsigns/callsign_163_col",0
"callsign_164_col_fire","#BANNER_FIRE_CALLSIGN164",3,"rui/callsigns/callsign_164_col",0
"callsign_regen_10_col","#BANNER_REGEN_10",0,"rui/callsigns/callsign_regen_10_col",0
"callsign_regen_20_col","#BANNER_REGEN_20",0,"rui/callsigns/callsign_regen_20_col",0
"callsign_regen_30_col","#BANNER_REGEN_30",0,"rui/callsigns/callsign_regen_30_col",0
"callsign_regen_40_col","#BANNER_REGEN_40",0,"rui/callsigns/callsign_regen_40_col",0
"callsign_regen_50_col","#BANNER_REGEN_50",0,"rui/callsigns/callsign_regen_50_col",0
"callsign_regen_60_col","#BANNER_REGEN_60",0,"rui/callsigns/callsign_regen_60_col",0
"callsign_regen_70_col","#BANNER_REGEN_70",0,"rui/callsigns/callsign_regen_70_col",0
"callsign_regen_80_col","#BANNER_REGEN_80",0,"rui/callsigns/callsign_regen_80_col",0
"callsign_regen_90_col","#BANNER_REGEN_90",0,"rui/callsigns/callsign_regen_90_col",0
"callsign_regen_100_col","#BANNER_REGEN_100",0,"rui/callsigns/callsign_regen_100_col",0
"callsign_regen_10_col_prism","#BANNER_PRISM_REGEN_10",1,"rui/callsigns/callsign_regen_10_col",0
"callsign_regen_20_col_prism","#BANNER_PRISM_REGEN_20",1,"rui/callsigns/callsign_regen_20_col",0
"callsign_regen_30_col_prism","#BANNER_PRISM_REGEN_30",1,"rui/callsigns/callsign_regen_30_col",0
"callsign_regen_40_col_prism","#BANNER_PRISM_REGEN_40",1,"rui/callsigns/callsign_regen_40_col",0
"callsign_regen_50_col_prism","#BANNER_PRISM_REGEN_50",1,"rui/callsigns/callsign_regen_50_col",0
"callsign_regen_60_col_prism","#BANNER_PRISM_REGEN_60",1,"rui/callsigns/callsign_regen_60_col",0
"callsign_regen_70_col_prism","#BANNER_PRISM_REGEN_70",1,"rui/callsigns/callsign_regen_70_col",0
"callsign_regen_80_col_prism","#BANNER_PRISM_REGEN_80",1,"rui/callsigns/callsign_regen_80_col",0
"callsign_regen_90_col_prism","#BANNER_PRISM_REGEN_90",1,"rui/callsigns/callsign_regen_90_col",0
"callsign_regen_100_col_prism","#BANNER_PRISM_REGEN_100",1,"rui/callsigns/callsign_regen_100_col",0
"callsign_165_col","#BANNER_CALLSIGN165",0,"rui/callsigns/callsign_165_col",0
"callsign_166_col","#BANNER_CALLSIGN166",0,"rui/callsigns/callsign_166_col",0
"callsign_167_col","#BANNER_CALLSIGN167",0,"rui/callsigns/callsign_167_col",0
"callsign_168_col","#BANNER_CALLSIGN168",0,"rui/callsigns/callsign_168_col",0
"callsign_169_col","#BANNER_CALLSIGN169",0,"rui/callsigns/callsign_169_col",0
"callsign_170_col","#BANNER_CALLSIGN170",0,"rui/callsigns/callsign_170_col",0
"callsign_171_col","#BANNER_CALLSIGN171",0,"rui/callsigns/callsign_171_col",0
"callsign_172_col","#BANNER_CALLSIGN172",0,"rui/callsigns/callsign_172_col",0
"callsign_173_col","#BANNER_CALLSIGN173",0,"rui/callsigns/callsign_173_col",0
"callsign_174_col","#BANNER_CALLSIGN174",0,"rui/callsigns/callsign_174_col",0
"callsign_175_col","#BANNER_CALLSIGN175",0,"rui/callsigns/callsign_175_col",0
"callsign_176_col","#BANNER_CALLSIGN176",0,"rui/callsigns/callsign_176_col",0
"callsign_177_col","#BANNER_CALLSIGN177",0,"rui/callsigns/callsign_177_col",0
"callsign_178_col","#BANNER_CALLSIGN178",0,"rui/callsigns/callsign_178_col",0
"callsign_179_col","#BANNER_CALLSIGN179",0,"rui/callsigns/callsign_179_col",0
"callsign_180_col","#BANNER_CALLSIGN180",0,"rui/callsigns/callsign_180_col",0
"callsign_181_col","#BANNER_CALLSIGN181",0,"rui/callsigns/callsign_181_col",0
"callsign_182_col","#BANNER_CALLSIGN182",0,"rui/callsigns/callsign_182_col",0
"callsign_183_col","#BANNER_CALLSIGN183",0,"rui/callsigns/callsign_183_col",0
"callsign_184_col","#BANNER_CALLSIGN184",0,"rui/callsigns/callsign_184_col",0
"callsign_185_col","#BANNER_CALLSIGN185",0,"rui/callsigns/callsign_185_col",0
"callsign_165_col_fire","#BANNER_FIRE_CALLSIGN165",3,"rui/callsigns/callsign_165_col",0
"callsign_165_col_gold","#BANNER_GOLD_CALLSIGN165",2,"rui/callsigns/callsign_165_col",0
"callsign_24_col_prism","#BANNER_PRISM_CALLSIGN24",1,"rui/callsigns/callsign_24_col",0
"callsign_47_col_prism","#BANNER_PRISM_CALLSIGN47",1,"rui/callsigns/callsign_47_col",0
"callsign_36_col_prism","#BANNER_PRISM_CALLSIGN36",1,"rui/callsigns/callsign_36_col",0
"callsign_45_col_prism","#BANNER_PRISM_CALLSIGN45",1,"rui/callsigns/callsign_45_col",0
"callsign_68_col_prism","#BANNER_PRISM_CALLSIGN68",1,"rui/callsigns/callsign_68_col",0
"callsign_26_col_prism","#BANNER_PRISM_CALLSIGN26",1,"rui/callsigns/callsign_26_col",0
"callsign_165_col_prism","#BANNER_PRISM_CALLSIGN165",1,"rui/callsigns/callsign_165_col",0
"callsign_fd_ion_dynamic","#BANNER_CALLSIGN_FD_ION",0,"rui/callsigns/callsign_fd_ion_dynamic",0
"callsign_fd_tone_dynamic","#BANNER_CALLSIGN_FD_TONE",0,"rui/callsigns/callsign_fd_tone_dynamic",0
"callsign_fd_scorch_dynamic","#BANNER_CALLSIGN_FD_SCORCH",0,"rui/callsigns/callsign_fd_scorch_dynamic",0
"callsign_fd_legion_dynamic","#BANNER_CALLSIGN_FD_LEGION",0,"rui/callsigns/callsign_fd_legion_dynamic",0
"callsign_fd_ronin_dynamic","#BANNER_CALLSIGN_FD_RONIN",0,"rui/callsigns/callsign_fd_ronin_dynamic",0
"callsign_fd_northstar_dynamic","#BANNER_CALLSIGN_FD_NORTHSTAR",0,"rui/callsigns/callsign_fd_northstar_dynamic",0
"callsign_fd_monarch_dynamic","#BANNER_CALLSIGN_FD_MONARCH",0,"rui/callsigns/callsign_fd_monarch_dynamic",0
"callsign_fd_ion_hard","#BANNER_CALLSIGN_FD_ION",1,"rui/callsigns/callsign_fd_ion_hard",0
"callsign_fd_ion_master","#BANNER_CALLSIGN_FD_ION",1,"rui/callsigns/callsign_fd_ion_master",0
"callsign_fd_ion_insane","#BANNER_CALLSIGN_FD_ION",2,"rui/callsigns/callsign_fd_ion_insane",0
"callsign_fd_tone_hard","#BANNER_CALLSIGN_FD_TONE",1,"rui/callsigns/callsign_fd_tone_hard",0
"callsign_fd_tone_master","#BANNER_CALLSIGN_FD_TONE",1,"rui/callsigns/callsign_fd_tone_master",0
"callsign_fd_tone_insane","#BANNER_CALLSIGN_FD_TONE",2,"rui/callsigns/callsign_fd_tone_insane",0
"callsign_fd_scorch_hard","#BANNER_CALLSIGN_FD_SCORCH",1,"rui/callsigns/callsign_fd_scorch_hard",0
"callsign_fd_scorch_master","#BANNER_CALLSIGN_FD_SCORCH",1,"rui/callsigns/callsign_fd_scorch_master",0
"callsign_fd_scorch_insane","#BANNER_CALLSIGN_FD_SCORCH",2,"rui/callsigns/callsign_fd_scorch_insane",0
"callsign_fd_legion_hard","#BANNER_CALLSIGN_FD_LEGION",1,"rui/callsigns/callsign_fd_legion_hard",0
"callsign_fd_legion_master","#BANNER_CALLSIGN_FD_LEGION",1,"rui/callsigns/callsign_fd_legion_master",0
"callsign_fd_legion_insane","#BANNER_CALLSIGN_FD_LEGION",2,"rui/callsigns/callsign_fd_legion_insane",0
"callsign_fd_ronin_hard","#BANNER_CALLSIGN_FD_RONIN",1,"rui/callsigns/callsign_fd_ronin_hard",0
"callsign_fd_ronin_master","#BANNER_CALLSIGN_FD_RONIN",1,"rui/callsigns/callsign_fd_ronin_master",0
"callsign_fd_ronin_insane","#BANNER_CALLSIGN_FD_RONIN",2,"rui/callsigns/callsign_fd_ronin_insane",0
"callsign_fd_northstar_hard","#BANNER_CALLSIGN_FD_NORTHSTAR",1,"rui/callsigns/callsign_fd_northstar_hard",0
"callsign_fd_northstar_master","#BANNER_CALLSIGN_FD_NORTHSTAR",1,"rui/callsigns/callsign_fd_northstar_master",0
"callsign_fd_northstar_insane","#BANNER_CALLSIGN_FD_NORTHSTAR",2,"rui/callsigns/callsign_fd_northstar_insane",0
"callsign_fd_monarch_hard","#BANNER_CALLSIGN_FD_MONARCH",1,"rui/callsigns/callsign_fd_monarch_hard",0
"callsign_fd_monarch_master","#BANNER_CALLSIGN_FD_MONARCH",1,"rui/callsigns/callsign_fd_monarch_master",0
"callsign_fd_monarch_insane","#BANNER_CALLSIGN_FD_MONARCH",2,"rui/callsigns/callsign_fd_monarch_insane",0
"callsign_tt_gameover","#BANNER_CALLSIGN_TT_GAMEOVER",0,"rui/callsigns/callsign_tt_gameover",1500
"callsign_tt_gameover_prism","#BANNER_PRISM_TT_GAMEOVER",1,"rui/callsigns/callsign_tt_gameover",3000
"callsign_tt_guardtheflag","#BANNER_CALLSIGN_TT_GUARDTHEFLAG",0,"rui/callsigns/callsign_tt_guardtheflag",1500
"callsign_tt_guardtheflag_prism","#BANNER_PRISM_TT_GUARDTHEFLAG",1,"rui/callsigns/callsign_tt_guardtheflag",3000
"callsign_tt_megamarvin","#BANNER_CALLSIGN_TT_MEGAMARVIN",0,"rui/callsigns/callsign_tt_megamarvin",1500
"callsign_tt_megamarvin_prism","#BANNER_PRISM_TT_MEGAMARVIN",1,"rui/callsigns/callsign_tt_megamarvin",3000
"callsign_tt_nessievault","#BANNER_CALLSIGN_TT_NESSIEVAULT",0,"rui/callsigns/callsign_tt_nessievault",1500
"callsign_tt_nessievault_prism","#BANNER_PRISM_TT_NESSIEVAULT",1,"rui/callsigns/callsign_tt_nessievault",3000
"callsign_tt_nsbt","#BANNER_CALLSIGN_TT_NSBT",0,"rui/callsigns/callsign_tt_nsbt",1500
"callsign_tt_nsbt_prism","#BANNER_PRISM_TT_NSBT",1,"rui/callsigns/callsign_tt_nsbt",3000
"callsign_tt_protocol2","#BANNER_CALLSIGN_TT_PROTOCOL2",0,"rui/callsigns/callsign_tt_protocol2",1500
"callsign_tt_protocol2_prism","#BANNER_PRISM_TT_PROTOCOL2",1,"rui/callsigns/callsign_tt_protocol2",3000
"callsign_tt_rekt","#BANNER_CALLSIGN_TT_REKT",0,"rui/callsigns/callsign_tt_rekt",1500
"callsign_tt_rekt_prism","#BANNER_PRISM_TT_REKT",1,"rui/callsigns/callsign_tt_rekt",3000
"callsign_tt_titantoons","#BANNER_CALLSIGN_TT_TITANTOONS",0,"rui/callsigns/callsign_tt_titantoons",1500
"callsign_tt_titantoons_prism","#BANNER_PRISM_TT_TITANTOONS",1,"rui/callsigns/callsign_tt_titantoons",3000
"callsign_eat_ion","#BANNER_EAT_ION",0,"rui/callsigns/callsign_eat_ion",1500
"callsign_eat_legion","#BANNER_EAT_LEGION",0,"rui/callsigns/callsign_eat_legion",1500
"callsign_eat_northstar","#BANNER_EAT_NORTHSTAR",0,"rui/callsigns/callsign_eat_northstar",1500
"callsign_eat_ronin","#BANNER_EAT_RONIN",0,"rui/callsigns/callsign_eat_ronin",1500
"callsign_eat_scorch","#BANNER_EAT_SCORCH",0,"rui/callsigns/callsign_eat_scorch",1500
"callsign_eat_tone","#BANNER_EAT_TONE",0,"rui/callsigns/callsign_eat_tone",1500
"callsign_goodboy","#BANNER_GOODBOY",0,"rui/callsigns/callsign_goodboy",0
"callsign_contest_01","#BANNER_CONTEST_01",0,"rui/callsigns/callsign_contest_01",0
"callsign_contest_02","#BANNER_CONTEST_02",0,"rui/callsigns/callsign_contest_02",0
"callsign_contest_03","#BANNER_CONTEST_03",0,"rui/callsigns/callsign_contest_03",0
"callsign_contest_04","#BANNER_CONTEST_04",0,"rui/callsigns/callsign_contest_04",0
"callsign_contest_05","#BANNER_CONTEST_05",0,"rui/callsigns/callsign_contest_05",0
"callsign_contest_06","#BANNER_CONTEST_06",0,"rui/callsigns/callsign_contest_06",0
"callsign_contest_07","#BANNER_CONTEST_07",0,"rui/callsigns/callsign_contest_07",0
"callsign_contest_08","#BANNER_CONTEST_08",0,"rui/callsigns/callsign_contest_08",0
"callsign_contest_09","#BANNER_CONTEST_09",0,"rui/callsigns/callsign_contest_09",0
"callsign_contest_10","#BANNER_CONTEST_10",0,"rui/callsigns/callsign_contest_10",0