weaponLevel,weap1,weap2,weap3,weap4,weap5,weap6,weap7,weap8,weap9,weap10,weap11,weap12,weap13,weap14,weap15,weap16,weap17,weap18,weap19,weap20,weap21,weap22,weap23,weap24,weap25,weap26,weap27,weap28,weap29,weap30,end
"","mp_weapon_alternator_smg","mp_weapon_arc_launcher","mp_weapon_autopistol","mp_weapon_car","mp_weapon_defender","mp_weapon_dmr","mp_weapon_doubletake","mp_weapon_epg","mp_weapon_esaw","mp_weapon_g2","mp_weapon_hemlok","mp_weapon_hemlok_smg","mp_weapon_lmg","mp_weapon_lstar","mp_weapon_mastiff","mp_weapon_mgl","mp_weapon_pulse_lmg","mp_weapon_r97","mp_weapon_rocket_launcher","mp_weapon_rspn101","mp_weapon_semipistol","mp_weapon_shotgun","mp_weapon_shotgun_pistol","mp_weapon_smr","mp_weapon_sniper","mp_weapon_softball","mp_weapon_vinson","mp_weapon_wingman","mp_weapon_wingman_n","mp_weapon_rspn101_og","END"
"1","camo_skin00, pro_screen","camo_skin00, pro_screen","camo_skin00, pro_screen","camo_skin00, pro_screen","camo_skin00, pro_screen","camo_skin00, pro_screen","camo_skin00, pro_screen","camo_skin00, pro_screen","camo_skin00, pro_screen","camo_skin00, pro_screen","camo_skin00, pro_screen","camo_skin00, pro_screen","camo_skin00, pro_screen","camo_skin00, pro_screen","camo_skin00, pro_screen","camo_skin00, pro_screen","camo_skin00, pro_screen","camo_skin00, pro_screen","camo_skin00, pro_screen","camo_skin00, pro_screen","camo_skin00, pro_screen","camo_skin00, pro_screen","camo_skin00, pro_screen","camo_skin00, pro_screen","camo_skin00, pro_screen","camo_skin00, pro_screen","camo_skin00, pro_screen","camo_skin00, pro_screen","camo_skin00, pro_screen","camo_skin00, pro_screen",""
"2","extended_ammo","extended_ammo","extended_ammo","extended_ammo","extended_ammo","extended_ammo","extended_ammo","extended_ammo","extended_ammo","extended_ammo","extended_ammo","extended_ammo","extended_ammo","extended_ammo","extended_ammo","extended_ammo","extended_ammo","extended_ammo","extended_ammo","extended_ammo","extended_ammo","extended_ammo","extended_ammo","extended_ammo","extended_ammo","extended_ammo","extended_ammo","extended_ammo","extended_ammo","extended_ammo",""
"3","hcog","pas_fast_reload","silencer","holosight","quick_charge","scope_4x","scope_4x","pas_run_and_gun","aog","hcog","hcog","holosight","aog","aog","holosight","pas_fast_reload","pas_run_and_gun","holosight","pas_fast_reload","hcog","silencer","holosight","silencer","pas_run_and_gun","scope_4x","pas_run_and_gun","hcog","silencer","ricochet","hcog",""
"4","pas_run_and_gun","pas_fast_ads","pas_run_and_gun","pas_run_and_gun","pas_fast_ads","pas_fast_reload","pas_fast_reload","pas_fast_reload","pas_run_and_gun","pas_run_and_gun","pas_run_and_gun","pas_run_and_gun","pas_run_and_gun","pas_run_and_gun","pas_run_and_gun","pas_fast_ads","pas_fast_reload","pas_run_and_gun","pas_fast_ads","pas_run_and_gun","pas_run_and_gun","pas_run_and_gun","pas_run_and_gun","pas_fast_reload","pas_fast_reload","pas_fast_reload","pas_run_and_gun","pas_run_and_gun","pas_run_and_gun","pas_run_and_gun",""
"5","pas_fast_reload","pas_fast_swap","pas_fast_reload","pas_fast_reload","pas_fast_swap","pas_fast_ads","pas_fast_ads","pas_fast_ads","pas_fast_reload","pas_fast_reload","pas_fast_reload","pas_fast_reload","pas_fast_reload","pas_fast_reload","pas_fast_reload","pas_fast_swap","pas_fast_ads","pas_fast_reload","pas_fast_swap","pas_fast_reload","pas_fast_reload","pas_fast_reload","pas_fast_reload","pas_fast_ads","pas_fast_ads","pas_fast_ads","pas_fast_reload","pas_fast_reload","pas_fast_reload","pas_fast_reload",""
"6","redline_sight","secondarymod2","pas_fast_ads","redline_sight","secondarymod2","pas_fast_swap","pas_fast_swap","pas_fast_swap","redline_sight","redline_sight","redline_sight","redline_sight","redline_sight","redline_sight","redline_sight","secondarymod2","pas_fast_swap","redline_sight","secondarymod2","redline_sight","pas_fast_ads","redline_sight","pas_fast_ads","pas_fast_swap","pas_fast_swap","pas_fast_swap","redline_sight","pas_fast_ads","pas_fast_ads","redline_sight",""
"7","pas_fast_ads","","tactical_cdr_on_kill","pas_fast_ads","","tactical_cdr_on_kill","tactical_cdr_on_kill","tactical_cdr_on_kill","pas_fast_ads","pas_fast_ads","pas_fast_ads","pas_fast_ads","pas_fast_ads","pas_fast_ads","pas_fast_ads","","tactical_cdr_on_kill","pas_fast_ads","","pas_fast_ads","tactical_cdr_on_kill","pas_fast_ads","tactical_cdr_on_kill","tactical_cdr_on_kill","tactical_cdr_on_kill","tactical_cdr_on_kill","pas_fast_ads","tactical_cdr_on_kill","tactical_cdr_on_kill","pas_fast_ads",""
"8","pas_fast_swap,random","random","secondarymod2,random","pas_fast_swap,random","random","threat_scope,random","threat_scope,random","random,primarymod2","pas_fast_swap,random","pas_fast_swap,random","pas_fast_swap,random","pas_fast_swap,random","pas_fast_swap,random","pas_fast_swap,random","pas_fast_swap,random","random","primarymod2,random","pas_fast_swap,random","random","pas_fast_swap,random","secondarymod2,random","pas_fast_swap,random","primarymod2,random","primarymod2,random","threat_scope,random","primarymod2,random","pas_fast_swap,random","secondarymod2,random","primarymod2,random","pas_fast_swap,random",""
"9","tactical_cdr_on_kill","","","tactical_cdr_on_kill","","primarymod2","ricochet","","tactical_cdr_on_kill","tactical_cdr_on_kill","tactical_cdr_on_kill","tactical_cdr_on_kill","tactical_cdr_on_kill","tactical_cdr_on_kill","tactical_cdr_on_kill","","","tactical_cdr_on_kill","","tactical_cdr_on_kill","","tactical_cdr_on_kill","","","ricochet","","tactical_cdr_on_kill","","","tactical_cdr_on_kill",""
"10","threat_scope,camo_skin01","camo_skin01","camo_skin01","threat_scope,camo_skin01","camo_skin01","camo_skin01","primarymod2,camo_skin01","camo_skin01","threat_scope,camo_skin01","threat_scope,camo_skin01","threat_scope,camo_skin01","threat_scope,camo_skin01","threat_scope,camo_skin01","threat_scope,camo_skin01","threat_scope,camo_skin01","camo_skin01","camo_skin01","threat_scope,camo_skin01","camo_skin01","threat_scope,camo_skin01","camo_skin01","threat_scope,camo_skin01","camo_skin01","camo_skin01","primarymod2,camo_skin01","camo_skin01","threat_scope,camo_skin01","camo_skin01","camo_skin01","threat_scope,camo_skin01",""
"11","primarymod2","","","primarymod2","","","","","primarymod2","primarymod2","primarymod2","primarymod2","primarymod2","primarymod2","primarymod2","","","primarymod2","","primarymod2","","primarymod2","","","","","primarymod2","","","primarymod2",""
"12","camo_skin03","camo_skin03","camo_skin03","camo_skin03","camo_skin03","camo_skin03","camo_skin03","camo_skin03","camo_skin03","camo_skin03","camo_skin03","camo_skin03","camo_skin03","camo_skin03","camo_skin03","camo_skin03","camo_skin03","camo_skin03","camo_skin03","camo_skin03","camo_skin03","camo_skin03","camo_skin03","camo_skin03","camo_skin03","camo_skin03","camo_skin03","camo_skin03","camo_skin03","camo_skin03",""
"13","","","","","","","","","","","","","","","","","","","","","","","","","","","","","","",""
"14","camo_skin02","camo_skin02","camo_skin02","camo_skin02","camo_skin02","camo_skin02","camo_skin02","camo_skin02","camo_skin02","camo_skin02","camo_skin02","camo_skin02","camo_skin02","camo_skin02","camo_skin02","camo_skin02","camo_skin02","camo_skin02","camo_skin02","camo_skin02","camo_skin02","camo_skin02","camo_skin02","camo_skin02","camo_skin02","camo_skin02","camo_skin02","camo_skin02","camo_skin02","camo_skin02",""
"15","","","","","","","","","","","","","","","","","","","","","","","","","","","","","","",""
"16","camo_skin97","camo_skin97","camo_skin97","camo_skin97","camo_skin97","camo_skin97","camo_skin97","camo_skin97","camo_skin97","camo_skin97","camo_skin97","camo_skin97","camo_skin97","camo_skin97","camo_skin97","camo_skin97","camo_skin97","camo_skin97","camo_skin97","camo_skin97","camo_skin97","camo_skin97","camo_skin97","camo_skin97","camo_skin97","camo_skin97","camo_skin97","camo_skin97","camo_skin97","camo_skin97",""
"17","","","","","","","","","","","","","","","","","","","","","","","","","","","","","","",""
"18","camo_skin24","camo_skin24","camo_skin24","camo_skin24","camo_skin24","camo_skin24","camo_skin24","camo_skin24","camo_skin24","camo_skin24","camo_skin24","camo_skin24","camo_skin24","camo_skin24","camo_skin24","camo_skin24","camo_skin24","camo_skin24","camo_skin24","camo_skin24","camo_skin24","camo_skin24","camo_skin24","camo_skin24","camo_skin24","camo_skin24","camo_skin24","camo_skin24","camo_skin24","camo_skin24",""
"19","","","","","","","","","","","","","","","","","","","","","","","","","","","","","","",""
"20","gc_icon_yuckface","gc_icon_raincloud","gc_icon_diamond","gc_icon_wasp","gc_icon_bullseye","gc_icon_fin","gc_icon_dice","gc_icon_comet","gc_icon_heart","gc_icon_ramskull","gc_icon_waves","gc_icon_lightning","gc_icon_hawk","gc_icon_star","gc_icon_paw","gc_icon_frag","gc_icon_moon","gc_icon_assault","gc_icon_rocket","gc_icon_atom","gc_icon_spade","gc_icon_8ball","gc_icon_clawmark","gc_icon_bomb_02","gc_icon_happyface","gc_icon_bomb_01","gc_icon_medic","gc_icon_dragonfly","gc_icon_b3_wing","gc_icon_mushroom",""
"1","primarymod3,camo_skin16","secondarymod3,camo_skin16","secondarymod3,camo_skin16","primarymod3,camo_skin16","secondarymod3,camo_skin16","primarymod3,camo_skin16","primarymod3,camo_skin16","primarymod3,camo_skin16","primarymod3,camo_skin16","primarymod3,camo_skin16","primarymod3,camo_skin16","primarymod3,camo_skin16","primarymod3,camo_skin16","primarymod3,camo_skin16","primarymod3,camo_skin16","secondarymod3,camo_skin16","primarymod3,camo_skin16","primarymod3,camo_skin16","secondarymod3,camo_skin16","primarymod3,camo_skin16","secondarymod3,camo_skin16","primarymod3,camo_skin16","primarymod3,camo_skin16","primarymod3,camo_skin16","primarymod3,camo_skin16","primarymod3,camo_skin16","primarymod3,camo_skin16","secondarymod3,camo_skin16","primarymod3,camo_skin16","primarymod3,camo_skin16",""
"2","","","","","","","","","","","","","","","","","","","","","","","","","","","","","","",""
"3","","","","","","","","","","","","","","","","","","","","","","","","","","","","","","",""
"4","","","","","","","","","","","","","","","","","","","","","","","","","","","","","","",""
"5","random","random","random","random","random","random","random","random","random","random","random","random","random","random","random","random","random","random","random","random","random","random","random","random","random","random","random","random","random","random",""
"6","","","","","","","","","","","","","","","","","","","","","","","","","","","","","","",""
"7","","","","","","","","","","","","","","","","","","","","","","","","","","","","","","",""
"8","","","","","","","","","","","","","","","","","","","","","","","","","","","","","","",""
"9","","","","","","","","","","","","","","","","","","","","","","","","","","","","","","",""
"10","callsign_13_col","callsign_76_col","callsign_29_col","callsign_55_col","callsign_66_col","callsign_30_col","callsign_21_col","callsign_94_col","callsign_15_col","callsign_31_col","callsign_40_col","callsign_18_col","callsign_27_col","callsign_22_col","callsign_48_col","callsign_42_col","callsign_78_col","callsign_75_col","callsign_92_col","callsign_03_col","callsign_37_col","callsign_79_col","callsign_51_col","callsign_11_col","callsign_57_col","callsign_59_col","callsign_69_col","callsign_19_col","callsign_139_col","callsign_128_col",""
"11","","","","","","","","","","","","","","","","","","","","","","","","","","","","","","",""
"12","","","","","","","","","","","","","","","","","","","","","","","","","","","","","","",""
"13","","","","","","","","","","","","","","","","","","","","","","","","","","","","","","",""
"14","","","","","","","","","","","","","","","","","","","","","","","","","","","","","","",""
"15","camo_skin25","camo_skin25","camo_skin25","camo_skin25","camo_skin25","camo_skin25","camo_skin25","camo_skin25","camo_skin25","camo_skin25","camo_skin25","camo_skin25","camo_skin25","camo_skin25","camo_skin25","camo_skin25","camo_skin25","camo_skin25","camo_skin25","camo_skin25","camo_skin25","camo_skin25","camo_skin25","camo_skin25","camo_skin25","camo_skin25","camo_skin25","camo_skin25","camo_skin25","camo_skin25",""
"16","","","","","","","","","","","","","","","","","","","","","","","","","","","","","","",""
"17","","","","","","","","","","","","","","","","","","","","","","","","","","","","","","",""
"18","","","","","","","","","","","","","","","","","","","","","","","","","","","","","","",""
"19","","","","","","","","","","","","","","","","","","","","","","","","","","","","","","",""
"20","","","","","","","","","","","","","","","","","","","","","","","","","","","","","","",""
"1","camo_skin14","camo_skin14","camo_skin14","camo_skin14","camo_skin14","camo_skin14","camo_skin14","camo_skin14","camo_skin14","camo_skin14","camo_skin14","camo_skin14","camo_skin14","camo_skin14","camo_skin14","camo_skin14","camo_skin14","camo_skin14","camo_skin14","camo_skin14","camo_skin14","camo_skin14","camo_skin14","camo_skin14","camo_skin14","camo_skin14","camo_skin14","camo_skin14","camo_skin14","camo_skin14",""
"2","","","","","","","","","","","","","","","","","","","","","","","","","","","","","","",""
"3","","","","","","","","","","","","","","","","","","","","","","","","","","","","","","",""
"4","","","","","","","","","","","","","","","","","","","","","","","","","","","","","","",""
"5","random","random","random","random","random","random","random","random","random","random","random","random","random","random","random","random","random","random","random","random","random","random","random","random","random","random","random","random","random","random",""
"6","","","","","","","","","","","","","","","","","","","","","","","","","","","","","","",""
"7","","","","","","","","","","","","","","","","","","","","","","","","","","","","","","",""
"8","","","","","","","","","","","","","","","","","","","","","","","","","","","","","","",""
"9","","","","","","","","","","","","","","","","","","","","","","","","","","","","","","",""
"10","callsign_13_col_fire","callsign_76_col_fire","callsign_29_col_fire","callsign_55_col_fire","callsign_66_col_fire","callsign_30_col_fire","callsign_21_col_fire","callsign_94_col_fire","callsign_15_col_fire","callsign_31_col_fire","callsign_40_col_fire","callsign_18_col_fire","callsign_27_col_fire","callsign_22_col_fire","callsign_48_col_fire","callsign_42_col_fire","callsign_78_col_fire","callsign_75_col_fire","callsign_92_col_fire","callsign_03_col_fire","callsign_37_col_fire","callsign_79_col_fire","callsign_51_col_fire","callsign_11_col_fire","callsign_57_col_fire","callsign_59_col_fire","callsign_69_col_fire","callsign_19_col_fire","callsign_139_col_fire","callsign_128_col_fire",""
"11","","","","","","","","","","","","","","","","","","","","","","","","","","","","","","",""
"12","","","","","","","","","","","","","","","","","","","","","","","","","","","","","","",""
"13","","","","","","","","","","","","","","","","","","","","","","","","","","","","","","",""
"14","","","","","","","","","","","","","","","","","","","","","","","","","","","","","","",""
"15","camo_skin26","camo_skin26","camo_skin26","camo_skin26","camo_skin26","camo_skin26","camo_skin26","camo_skin26","camo_skin26","camo_skin26","camo_skin26","camo_skin26","camo_skin26","camo_skin26","camo_skin26","camo_skin26","camo_skin26","camo_skin26","camo_skin26","camo_skin26","camo_skin26","camo_skin26","camo_skin26","camo_skin26","camo_skin26","camo_skin26","camo_skin26","camo_skin26","camo_skin26","camo_skin26",""
"16","","","","","","","","","","","","","","","","","","","","","","","","","","","","","","",""
"17","","","","","","","","","","","","","","","","","","","","","","","","","","","","","","",""
"18","","","","","","","","","","","","","","","","","","","","","","","","","","","","","","",""
"19","","","","","","","","","","","","","","","","","","","","","","","","","","","","","","",""
"20","","","","","","","","","","","","","","","","","","","","","","","","","","","","","","",""
"1","camo_skin83","camo_skin83","camo_skin83","camo_skin83","camo_skin83","camo_skin83","camo_skin83","camo_skin83","camo_skin83","camo_skin83","camo_skin83","camo_skin83","camo_skin83","camo_skin83","camo_skin83","camo_skin83","camo_skin83","camo_skin83","camo_skin83","camo_skin83","camo_skin83","camo_skin83","camo_skin83","camo_skin83","camo_skin83","camo_skin83","camo_skin83","camo_skin83","camo_skin83","camo_skin83",""
"2","","","","","","","","","","","","","","","","","","","","","","","","","","","","","","",""
"3","","","","","","","","","","","","","","","","","","","","","","","","","","","","","","",""
"4","","","","","","","","","","","","","","","","","","","","","","","","","","","","","","",""
"5","random","random","random","random","random","random","random","random","random","random","random","random","random","random","random","random","random","random","random","random","random","random","random","random","random","random","random","random","random","random",""
"6","","","","","","","","","","","","","","","","","","","","","","","","","","","","","","",""
"7","","","","","","","","","","","","","","","","","","","","","","","","","","","","","","",""
"8","","","","","","","","","","","","","","","","","","","","","","","","","","","","","","",""
"9","","","","","","","","","","","","","","","","","","","","","","","","","","","","","","",""
"10","callsign_13_col_gold","callsign_76_col_gold","callsign_29_col_gold","callsign_55_col_gold","callsign_66_col_gold","callsign_30_col_gold","callsign_21_col_gold","callsign_94_col_gold","callsign_15_col_gold","callsign_31_col_gold","callsign_40_col_gold","callsign_18_col_gold","callsign_27_col_gold","callsign_22_col_gold","callsign_48_col_gold","callsign_42_col_gold","callsign_78_col_gold","callsign_75_col_gold","callsign_92_col_gold","callsign_03_col_gold","callsign_37_col_gold","callsign_79_col_gold","callsign_51_col_gold","callsign_11_col_gold","callsign_57_col_gold","callsign_59_col_gold","callsign_69_col_gold","callsign_19_col_gold","callsign_139_col_gold","callsign_128_col_gold",""
"11","","","","","","","","","","","","","","","","","","","","","","","","","","","","","","",""
"12","","","","","","","","","","","","","","","","","","","","","","","","","","","","","","",""
"13","","","","","","","","","","","","","","","","","","","","","","","","","","","","","","",""
"14","","","","","","","","","","","","","","","","","","","","","","","","","","","","","","",""
"15","camo_skin27","camo_skin27","camo_skin27","camo_skin27","camo_skin27","camo_skin27","camo_skin27","camo_skin27","camo_skin27","camo_skin27","camo_skin27","camo_skin27","camo_skin27","camo_skin27","camo_skin27","camo_skin27","camo_skin27","camo_skin27","camo_skin27","camo_skin27","camo_skin27","camo_skin27","camo_skin27","camo_skin27","camo_skin27","camo_skin27","camo_skin27","camo_skin27","camo_skin27","camo_skin27",""
"16","","","","","","","","","","","","","","","","","","","","","","","","","","","","","","",""
"17","","","","","","","","","","","","","","","","","","","","","","","","","","","","","","",""
"18","","","","","","","","","","","","","","","","","","","","","","","","","","","","","","",""
"19","","","","","","","","","","","","","","","","","","","","","","","","","","","","","","",""
"20","","","","","","","","","","","","","","","","","","","","","","","","","","","","","","",""
"1","camo_skin31","camo_skin31","camo_skin31","camo_skin31","camo_skin31","camo_skin31","camo_skin31","camo_skin31","camo_skin31","camo_skin31","camo_skin31","camo_skin31","camo_skin31","camo_skin31","camo_skin31","camo_skin31","camo_skin31","camo_skin31","camo_skin31","camo_skin31","camo_skin31","camo_skin31","camo_skin31","camo_skin31","camo_skin31","camo_skin31","camo_skin31","camo_skin31","camo_skin31","camo_skin31",""
"2","","","","","","","","","","","","","","","","","","","","","","","","","","","","","","",""
"3","","","","","","","","","","","","","","","","","","","","","","","","","","","","","","",""
"4","","","","","","","","","","","","","","","","","","","","","","","","","","","","","","",""
"5","random","random","random","random","random","random","random","random","random","random","random","random","random","random","random","random","random","random","random","random","random","random","random","random","random","random","random","random","random","random",""
"6","","","","","","","","","","","","","","","","","","","","","","","","","","","","","","",""
"7","","","","","","","","","","","","","","","","","","","","","","","","","","","","","","",""
"8","","","","","","","","","","","","","","","","","","","","","","","","","","","","","","",""
"9","","","","","","","","","","","","","","","","","","","","","","","","","","","","","","",""
"10","camo_skin19","camo_skin19","camo_skin19","camo_skin19","camo_skin19","camo_skin19","camo_skin19","camo_skin19","camo_skin19","camo_skin19","camo_skin19","camo_skin19","camo_skin19","camo_skin19","camo_skin19","camo_skin19","camo_skin19","camo_skin19","camo_skin19","camo_skin19","camo_skin19","camo_skin19","camo_skin19","camo_skin19","camo_skin19","camo_skin19","camo_skin19","camo_skin19","camo_skin19","camo_skin19",""
"11","","","","","","","","","","","","","","","","","","","","","","","","","","","","","","",""
"12","","","","","","","","","","","","","","","","","","","","","","","","","","","","","","",""
"13","","","","","","","","","","","","","","","","","","","","","","","","","","","","","","",""
"14","","","","","","","","","","","","","","","","","","","","","","","","","","","","","","",""
"15","random","random","random","random","random","random","random","random","random","random","random","random","random","random","random","random","random","random","random","random","random","random","random","random","random","random","random","random","random","random",""
"16","","","","","","","","","","","","","","","","","","","","","","","","","","","","","","",""
"17","","","","","","","","","","","","","","","","","","","","","","","","","","","","","","",""
"18","","","","","","","","","","","","","","","","","","","","","","","","","","","","","","",""
"19","","","","","","","","","","","","","","","","","","","","","","","","","","","","","","",""
"20","","","","","","","","","","","","","","","","","","","","","","","","","","","","","","",""
"1","camo_skin82","camo_skin82","camo_skin82","camo_skin82","camo_skin82","camo_skin82","camo_skin82","camo_skin82","camo_skin82","camo_skin82","camo_skin82","camo_skin82","camo_skin82","camo_skin82","camo_skin82","camo_skin82","camo_skin82","camo_skin82","camo_skin82","camo_skin82","camo_skin82","camo_skin82","camo_skin82","camo_skin82","camo_skin82","camo_skin82","camo_skin82","camo_skin82","camo_skin82","camo_skin82",""
"2","","","","","","","","","","","","","","","","","","","","","","","","","","","","","","",""
"3","","","","","","","","","","","","","","","","","","","","","","","","","","","","","","",""
"4","","","","","","","","","","","","","","","","","","","","","","","","","","","","","","",""
"5","random","random","random","random","random","random","random","random","random","random","random","random","random","random","random","random","random","random","random","random","random","random","random","random","random","random","random","random","random","random",""
"6","","","","","","","","","","","","","","","","","","","","","","","","","","","","","","",""
"7","","","","","","","","","","","","","","","","","","","","","","","","","","","","","","",""
"8","","","","","","","","","","","","","","","","","","","","","","","","","","","","","","",""
"9","","","","","","","","","","","","","","","","","","","","","","","","","","","","","","",""
"10","camo_skin15","camo_skin15","camo_skin15","camo_skin15","camo_skin15","camo_skin15","camo_skin15","camo_skin15","camo_skin15","camo_skin15","camo_skin15","camo_skin15","camo_skin15","camo_skin15","camo_skin15","camo_skin15","camo_skin15","camo_skin15","camo_skin15","camo_skin15","camo_skin15","camo_skin15","camo_skin15","camo_skin15","camo_skin15","camo_skin15","camo_skin15","camo_skin15","camo_skin15","camo_skin15",""
"11","","","","","","","","","","","","","","","","","","","","","","","","","","","","","","",""
"12","","","","","","","","","","","","","","","","","","","","","","","","","","","","","","",""
"13","","","","","","","","","","","","","","","","","","","","","","","","","","","","","","",""
"14","","","","","","","","","","","","","","","","","","","","","","","","","","","","","","",""
"15","random","random","random","random","random","random","random","random","random","random","random","random","random","random","random","random","random","random","random","random","random","random","random","random","random","random","random","random","random","random",""
"16","","","","","","","","","","","","","","","","","","","","","","","","","","","","","","",""
"17","","","","","","","","","","","","","","","","","","","","","","","","","","","","","","",""
"18","","","","","","","","","","","","","","","","","","","","","","","","","","","","","","",""
"19","","","","","","","","","","","","","","","","","","","","","","","","","","","","","","",""
"20","","","","","","","","","","","","","","","","","","","","","","","","","","","","","","",""
"1","camo_skin17","camo_skin17","camo_skin17","camo_skin17","camo_skin17","camo_skin17","camo_skin17","camo_skin17","camo_skin17","camo_skin17","camo_skin17","camo_skin17","camo_skin17","camo_skin17","camo_skin17","camo_skin17","camo_skin17","camo_skin17","camo_skin17","camo_skin17","camo_skin17","camo_skin17","camo_skin17","camo_skin17","camo_skin17","camo_skin17","camo_skin17","camo_skin17","camo_skin17","camo_skin17",""
"2","","","","","","","","","","","","","","","","","","","","","","","","","","","","","","",""
"3","","","","","","","","","","","","","","","","","","","","","","","","","","","","","","",""
"4","","","","","","","","","","","","","","","","","","","","","","","","","","","","","","",""
"5","","","","","","","","","","","","","","","","","","","","","","","","","","","","","","",""
"6","","","","","","","","","","","","","","","","","","","","","","","","","","","","","","",""
"7","","","","","","","","","","","","","","","","","","","","","","","","","","","","","","",""
"8","","","","","","","","","","","","","","","","","","","","","","","","","","","","","","",""
"9","","","","","","","","","","","","","","","","","","","","","","","","","","","","","","",""
"10","random","random","random","random","random","random","random","random","random","random","random","random","random","random","random","random","random","random","random","random","random","random","random","random","random","random","random","random","random","random",""
"11","","","","","","","","","","","","","","","","","","","","","","","","","","","","","","",""
"12","","","","","","","","","","","","","","","","","","","","","","","","","","","","","","",""
"13","","","","","","","","","","","","","","","","","","","","","","","","","","","","","","",""
"14","","","","","","","","","","","","","","","","","","","","","","","","","","","","","","",""
"15","","","","","","","","","","","","","","","","","","","","","","","","","","","","","","",""
"16","","","","","","","","","","","","","","","","","","","","","","","","","","","","","","",""
"17","","","","","","","","","","","","","","","","","","","","","","","","","","","","","","",""
"18","","","","","","","","","","","","","","","","","","","","","","","","","","","","","","",""
"19","","","","","","","","","","","","","","","","","","","","","","","","","","","","","","",""
"20","","","","","","","","","","","","","","","","","","","","","","","","","","","","","","",""
"1","camo_skin81","camo_skin81","camo_skin81","camo_skin81","camo_skin81","camo_skin81","camo_skin81","camo_skin81","camo_skin81","camo_skin81","camo_skin81","camo_skin81","camo_skin81","camo_skin81","camo_skin81","camo_skin81","camo_skin81","camo_skin81","camo_skin81","camo_skin81","camo_skin81","camo_skin81","camo_skin81","camo_skin81","camo_skin81","camo_skin81","camo_skin81","camo_skin81","camo_skin81","camo_skin81",""
"2","","","","","","","","","","","","","","","","","","","","","","","","","","","","","","",""
"3","","","","","","","","","","","","","","","","","","","","","","","","","","","","","","",""
"4","","","","","","","","","","","","","","","","","","","","","","","","","","","","","","",""
"5","","","","","","","","","","","","","","","","","","","","","","","","","","","","","","",""
"6","","","","","","","","","","","","","","","","","","","","","","","","","","","","","","",""
"7","","","","","","","","","","","","","","","","","","","","","","","","","","","","","","",""
"8","","","","","","","","","","","","","","","","","","","","","","","","","","","","","","",""
"9","","","","","","","","","","","","","","","","","","","","","","","","","","","","","","",""
"10","random","random","random","random","random","random","random","random","random","random","random","random","random","random","random","random","random","random","random","random","random","random","random","random","random","random","random","random","random","random",""
"11","","","","","","","","","","","","","","","","","","","","","","","","","","","","","","",""
"12","","","","","","","","","","","","","","","","","","","","","","","","","","","","","","",""
"13","","","","","","","","","","","","","","","","","","","","","","","","","","","","","","",""
"14","","","","","","","","","","","","","","","","","","","","","","","","","","","","","","",""
"15","","","","","","","","","","","","","","","","","","","","","","","","","","","","","","",""
"16","","","","","","","","","","","","","","","","","","","","","","","","","","","","","","",""
"17","","","","","","","","","","","","","","","","","","","","","","","","","","","","","","",""
"18","","","","","","","","","","","","","","","","","","","","","","","","","","","","","","",""
"19","","","","","","","","","","","","","","","","","","","","","","","","","","","","","","",""
"20","","","","","","","","","","","","","","","","","","","","","","","","","","","","","","",""
"1","camo_skin18","camo_skin18","camo_skin18","camo_skin18","camo_skin18","camo_skin18","camo_skin18","camo_skin18","camo_skin18","camo_skin18","camo_skin18","camo_skin18","camo_skin18","camo_skin18","camo_skin18","camo_skin18","camo_skin18","camo_skin18","camo_skin18","camo_skin18","camo_skin18","camo_skin18","camo_skin18","camo_skin18","camo_skin18","camo_skin18","camo_skin18","camo_skin18","camo_skin18","camo_skin18",""
"2","","","","","","","","","","","","","","","","","","","","","","","","","","","","","","",""
"3","","","","","","","","","","","","","","","","","","","","","","","","","","","","","","",""
"4","","","","","","","","","","","","","","","","","","","","","","","","","","","","","","",""
"5","","","","","","","","","","","","","","","","","","","","","","","","","","","","","","",""
"6","","","","","","","","","","","","","","","","","","","","","","","","","","","","","","",""
"7","","","","","","","","","","","","","","","","","","","","","","","","","","","","","","",""
"8","","","","","","","","","","","","","","","","","","","","","","","","","","","","","","",""
"9","","","","","","","","","","","","","","","","","","","","","","","","","","","","","","",""
"10","random","random","random","random","random","random","random","random","random","random","random","random","random","random","random","random","random","random","random","random","random","random","random","random","random","random","random","random","random","random",""
"11","","","","","","","","","","","","","","","","","","","","","","","","","","","","","","",""
"12","","","","","","","","","","","","","","","","","","","","","","","","","","","","","","",""
"13","","","","","","","","","","","","","","","","","","","","","","","","","","","","","","",""
"14","","","","","","","","","","","","","","","","","","","","","","","","","","","","","","",""
"15","","","","","","","","","","","","","","","","","","","","","","","","","","","","","","",""
"16","","","","","","","","","","","","","","","","","","","","","","","","","","","","","","",""
"17","","","","","","","","","","","","","","","","","","","","","","","","","","","","","","",""
"18","","","","","","","","","","","","","","","","","","","","","","","","","","","","","","",""
"19","","","","","","","","","","","","","","","","","","","","","","","","","","","","","","",""
"20","","","","","","","","","","","","","","","","","","","","","","","","","","","","","","",""
"1","camo_skin30","camo_skin30","camo_skin30","camo_skin30","camo_skin30","camo_skin30","camo_skin30","camo_skin30","camo_skin30","camo_skin30","camo_skin30","camo_skin30","camo_skin30","camo_skin30","camo_skin30","camo_skin30","camo_skin30","camo_skin30","camo_skin30","camo_skin30","camo_skin30","camo_skin30","camo_skin30","camo_skin30","camo_skin30","camo_skin30","camo_skin30","camo_skin30","camo_skin30","camo_skin30",""
"2","","","","","","","","","","","","","","","","","","","","","","","","","","","","","","",""
"3","","","","","","","","","","","","","","","","","","","","","","","","","","","","","","",""
"4","","","","","","","","","","","","","","","","","","","","","","","","","","","","","","",""
"5","","","","","","","","","","","","","","","","","","","","","","","","","","","","","","",""
"6","","","","","","","","","","","","","","","","","","","","","","","","","","","","","","",""
"7","","","","","","","","","","","","","","","","","","","","","","","","","","","","","","",""
"8","","","","","","","","","","","","","","","","","","","","","","","","","","","","","","",""
"9","","","","","","","","","","","","","","","","","","","","","","","","","","","","","","",""
"10","","","","","","","","","","","","","","","","","","","","","","","","","","","","","","",""
"11","","","","","","","","","","","","","","","","","","","","","","","","","","","","","","",""
"12","","","","","","","","","","","","","","","","","","","","","","","","","","","","","","",""
"13","","","","","","","","","","","","","","","","","","","","","","","","","","","","","","",""
"14","","","","","","","","","","","","","","","","","","","","","","","","","","","","","","",""
"15","","","","","","","","","","","","","","","","","","","","","","","","","","","","","","",""
"16","","","","","","","","","","","","","","","","","","","","","","","","","","","","","","",""
"17","","","","","","","","","","","","","","","","","","","","","","","","","","","","","","",""
"18","","","","","","","","","","","","","","","","","","","","","","","","","","","","","","",""
"19","","","","","","","","","","","","","","","","","","","","","","","","","","","","","","",""
"20","","","","","","","","","","","","","","","","","","","","","","","","","","","","","","",""
"1","random","random","random","random","random","random","random","random","random","random","random","random","random","random","random","random","random","random","random","random","random","random","random","random","random","random","random","random","random","random",""
"2","","","","","","","","","","","","","","","","","","","","","","","","","","","","","","",""
"3","","","","","","","","","","","","","","","","","","","","","","","","","","","","","","",""
"4","","","","","","","","","","","","","","","","","","","","","","","","","","","","","","",""
"5","","","","","","","","","","","","","","","","","","","","","","","","","","","","","","",""
"6","","","","","","","","","","","","","","","","","","","","","","","","","","","","","","",""
"7","","","","","","","","","","","","","","","","","","","","","","","","","","","","","","",""
"8","","","","","","","","","","","","","","","","","","","","","","","","","","","","","","",""
"9","","","","","","","","","","","","","","","","","","","","","","","","","","","","","","",""
"10","","","","","","","","","","","","","","","","","","","","","","","","","","","","","","",""
"11","","","","","","","","","","","","","","","","","","","","","","","","","","","","","","",""
"12","","","","","","","","","","","","","","","","","","","","","","","","","","","","","","",""
"13","","","","","","","","","","","","","","","","","","","","","","","","","","","","","","",""
"14","","","","","","","","","","","","","","","","","","","","","","","","","","","","","","",""
"15","","","","","","","","","","","","","","","","","","","","","","","","","","","","","","",""
"16","","","","","","","","","","","","","","","","","","","","","","","","","","","","","","",""
"17","","","","","","","","","","","","","","","","","","","","","","","","","","","","","","",""
"18","","","","","","","","","","","","","","","","","","","","","","","","","","","","","","",""
"19","","","","","","","","","","","","","","","","","","","","","","","","","","","","","","",""
"20","","","","","","","","","","","","","","","","","","","","","","","","","","","","","","",""
"1","random","random","random","random","random","random","random","random","random","random","random","random","random","random","random","random","random","random","random","random","random","random","random","random","random","random","random","random","random","random",""
"2","","","","","","","","","","","","","","","","","","","","","","","","","","","","","","",""
"3","","","","","","","","","","","","","","","","","","","","","","","","","","","","","","",""
"4","","","","","","","","","","","","","","","","","","","","","","","","","","","","","","",""
"5","","","","","","","","","","","","","","","","","","","","","","","","","","","","","","",""
"6","","","","","","","","","","","","","","","","","","","","","","","","","","","","","","",""
"7","","","","","","","","","","","","","","","","","","","","","","","","","","","","","","",""
"8","","","","","","","","","","","","","","","","","","","","","","","","","","","","","","",""
"9","","","","","","","","","","","","","","","","","","","","","","","","","","","","","","",""
"10","","","","","","","","","","","","","","","","","","","","","","","","","","","","","","",""
"11","","","","","","","","","","","","","","","","","","","","","","","","","","","","","","",""
"12","","","","","","","","","","","","","","","","","","","","","","","","","","","","","","",""
"13","","","","","","","","","","","","","","","","","","","","","","","","","","","","","","",""
"14","","","","","","","","","","","","","","","","","","","","","","","","","","","","","","",""
"15","","","","","","","","","","","","","","","","","","","","","","","","","","","","","","",""
"16","","","","","","","","","","","","","","","","","","","","","","","","","","","","","","",""
"17","","","","","","","","","","","","","","","","","","","","","","","","","","","","","","",""
"18","","","","","","","","","","","","","","","","","","","","","","","","","","","","","","",""
"19","","","","","","","","","","","","","","","","","","","","","","","","","","","","","","",""
"20","","","","","","","","","","","","","","","","","","","","","","","","","","","","","","",""
"1","random","random","random","random","random","random","random","random","random","random","random","random","random","random","random","random","random","random","random","random","random","random","random","random","random","random","random","random","random","random",""
"2","","","","","","","","","","","","","","","","","","","","","","","","","","","","","","",""
"3","","","","","","","","","","","","","","","","","","","","","","","","","","","","","","",""
"4","","","","","","","","","","","","","","","","","","","","","","","","","","","","","","",""
"5","","","","","","","","","","","","","","","","","","","","","","","","","","","","","","",""
"6","","","","","","","","","","","","","","","","","","","","","","","","","","","","","","",""
"7","","","","","","","","","","","","","","","","","","","","","","","","","","","","","","",""
"8","","","","","","","","","","","","","","","","","","","","","","","","","","","","","","",""
"9","","","","","","","","","","","","","","","","","","","","","","","","","","","","","","",""
"10","","","","","","","","","","","","","","","","","","","","","","","","","","","","","","",""
"11","","","","","","","","","","","","","","","","","","","","","","","","","","","","","","",""
"12","","","","","","","","","","","","","","","","","","","","","","","","","","","","","","",""
"13","","","","","","","","","","","","","","","","","","","","","","","","","","","","","","",""
"14","","","","","","","","","","","","","","","","","","","","","","","","","","","","","","",""
"15","","","","","","","","","","","","","","","","","","","","","","","","","","","","","","",""
"16","","","","","","","","","","","","","","","","","","","","","","","","","","","","","","",""
"17","","","","","","","","","","","","","","","","","","","","","","","","","","","","","","",""
"18","","","","","","","","","","","","","","","","","","","","","","","","","","","","","","",""
"19","","","","","","","","","","","","","","","","","","","","","","","","","","","","","","",""
"20","","","","","","","","","","","","","","","","","","","","","","","","","","","","","","",""
"1","random","random","random","random","random","random","random","random","random","random","random","random","random","random","random","random","random","random","random","random","random","random","random","random","random","random","random","random","random","random",""
"2","","","","","","","","","","","","","","","","","","","","","","","","","","","","","","",""
"3","","","","","","","","","","","","","","","","","","","","","","","","","","","","","","",""
"4","","","","","","","","","","","","","","","","","","","","","","","","","","","","","","",""
"5","","","","","","","","","","","","","","","","","","","","","","","","","","","","","","",""
"6","","","","","","","","","","","","","","","","","","","","","","","","","","","","","","",""
"7","","","","","","","","","","","","","","","","","","","","","","","","","","","","","","",""
"8","","","","","","","","","","","","","","","","","","","","","","","","","","","","","","",""
"9","","","","","","","","","","","","","","","","","","","","","","","","","","","","","","",""
"10","","","","","","","","","","","","","","","","","","","","","","","","","","","","","","",""
"11","","","","","","","","","","","","","","","","","","","","","","","","","","","","","","",""
"12","","","","","","","","","","","","","","","","","","","","","","","","","","","","","","",""
"13","","","","","","","","","","","","","","","","","","","","","","","","","","","","","","",""
"14","","","","","","","","","","","","","","","","","","","","","","","","","","","","","","",""
"15","","","","","","","","","","","","","","","","","","","","","","","","","","","","","","",""
"16","","","","","","","","","","","","","","","","","","","","","","","","","","","","","","",""
"17","","","","","","","","","","","","","","","","","","","","","","","","","","","","","","",""
"18","","","","","","","","","","","","","","","","","","","","","","","","","","","","","","",""
"19","","","","","","","","","","","","","","","","","","","","","","","","","","","","","","",""
"20","","","","","","","","","","","","","","","","","","","","","","","","","","","","","","",""
"1","random","random","random","random","random","random","random","random","random","random","random","random","random","random","random","random","random","random","random","random","random","random","random","random","random","random","random","random","random","random",""
"2","","","","","","","","","","","","","","","","","","","","","","","","","","","","","","",""
"3","","","","","","","","","","","","","","","","","","","","","","","","","","","","","","",""
"4","","","","","","","","","","","","","","","","","","","","","","","","","","","","","","",""
"5","","","","","","","","","","","","","","","","","","","","","","","","","","","","","","",""
"6","","","","","","","","","","","","","","","","","","","","","","","","","","","","","","",""
"7","","","","","","","","","","","","","","","","","","","","","","","","","","","","","","",""
"8","","","","","","","","","","","","","","","","","","","","","","","","","","","","","","",""
"9","","","","","","","","","","","","","","","","","","","","","","","","","","","","","","",""
"10","","","","","","","","","","","","","","","","","","","","","","","","","","","","","","",""
"11","","","","","","","","","","","","","","","","","","","","","","","","","","","","","","",""
"12","","","","","","","","","","","","","","","","","","","","","","","","","","","","","","",""
"13","","","","","","","","","","","","","","","","","","","","","","","","","","","","","","",""
"14","","","","","","","","","","","","","","","","","","","","","","","","","","","","","","",""
"15","","","","","","","","","","","","","","","","","","","","","","","","","","","","","","",""
"16","","","","","","","","","","","","","","","","","","","","","","","","","","","","","","",""
"17","","","","","","","","","","","","","","","","","","","","","","","","","","","","","","",""
"18","","","","","","","","","","","","","","","","","","","","","","","","","","","","","","",""
"19","","","","","","","","","","","","","","","","","","","","","","","","","","","","","","",""
"20","","","","","","","","","","","","","","","","","","","","","","","","","","","","","","",""
"1","random","random","random","random","random","random","random","random","random","random","random","random","random","random","random","random","random","random","random","random","random","random","random","random","random","random","random","random","random","random",""
"2","","","","","","","","","","","","","","","","","","","","","","","","","","","","","","",""
"3","","","","","","","","","","","","","","","","","","","","","","","","","","","","","","",""
"4","","","","","","","","","","","","","","","","","","","","","","","","","","","","","","",""
"5","","","","","","","","","","","","","","","","","","","","","","","","","","","","","","",""
"6","","","","","","","","","","","","","","","","","","","","","","","","","","","","","","",""
"7","","","","","","","","","","","","","","","","","","","","","","","","","","","","","","",""
"8","","","","","","","","","","","","","","","","","","","","","","","","","","","","","","",""
"9","","","","","","","","","","","","","","","","","","","","","","","","","","","","","","",""
"10","","","","","","","","","","","","","","","","","","","","","","","","","","","","","","",""
"11","","","","","","","","","","","","","","","","","","","","","","","","","","","","","","",""
"12","","","","","","","","","","","","","","","","","","","","","","","","","","","","","","",""
"13","","","","","","","","","","","","","","","","","","","","","","","","","","","","","","",""
"14","","","","","","","","","","","","","","","","","","","","","","","","","","","","","","",""
"15","","","","","","","","","","","","","","","","","","","","","","","","","","","","","","",""
"16","","","","","","","","","","","","","","","","","","","","","","","","","","","","","","",""
"17","","","","","","","","","","","","","","","","","","","","","","","","","","","","","","",""
"18","","","","","","","","","","","","","","","","","","","","","","","","","","","","","","",""
"19","","","","","","","","","","","","","","","","","","","","","","","","","","","","","","",""
"20","","","","","","","","","","","","","","","","","","","","","","","","","","","","","","",""
"1","random","random","random","random","random","random","random","random","random","random","random","random","random","random","random","random","random","random","random","random","random","random","random","random","random","random","random","random","random","random",""
"2","","","","","","","","","","","","","","","","","","","","","","","","","","","","","","",""
"3","","","","","","","","","","","","","","","","","","","","","","","","","","","","","","",""
"4","","","","","","","","","","","","","","","","","","","","","","","","","","","","","","",""
"5","","","","","","","","","","","","","","","","","","","","","","","","","","","","","","",""
"6","","","","","","","","","","","","","","","","","","","","","","","","","","","","","","",""
"7","","","","","","","","","","","","","","","","","","","","","","","","","","","","","","",""
"8","","","","","","","","","","","","","","","","","","","","","","","","","","","","","","",""
"9","","","","","","","","","","","","","","","","","","","","","","","","","","","","","","",""
"10","","","","","","","","","","","","","","","","","","","","","","","","","","","","","","",""
"11","","","","","","","","","","","","","","","","","","","","","","","","","","","","","","",""
"12","","","","","","","","","","","","","","","","","","","","","","","","","","","","","","",""
"13","","","","","","","","","","","","","","","","","","","","","","","","","","","","","","",""
"14","","","","","","","","","","","","","","","","","","","","","","","","","","","","","","",""
"15","","","","","","","","","","","","","","","","","","","","","","","","","","","","","","",""
"16","","","","","","","","","","","","","","","","","","","","","","","","","","","","","","",""
"17","","","","","","","","","","","","","","","","","","","","","","","","","","","","","","",""
"18","","","","","","","","","","","","","","","","","","","","","","","","","","","","","","",""
"19","","","","","","","","","","","","","","","","","","","","","","","","","","","","","","",""
"20","","","","","","","","","","","","","","","","","","","","","","","","","","","","","","",""
"1","random","random","random","random","random","random","random","random","random","random","random","random","random","random","random","random","random","random","random","random","random","random","random","random","random","random","random","random","random","random",""
"2","","","","","","","","","","","","","","","","","","","","","","","","","","","","","","",""
"3","","","","","","","","","","","","","","","","","","","","","","","","","","","","","","",""
"4","","","","","","","","","","","","","","","","","","","","","","","","","","","","","","",""
"5","","","","","","","","","","","","","","","","","","","","","","","","","","","","","","",""
"6","","","","","","","","","","","","","","","","","","","","","","","","","","","","","","",""
"7","","","","","","","","","","","","","","","","","","","","","","","","","","","","","","",""
"8","","","","","","","","","","","","","","","","","","","","","","","","","","","","","","",""
"9","","","","","","","","","","","","","","","","","","","","","","","","","","","","","","",""
"10","","","","","","","","","","","","","","","","","","","","","","","","","","","","","","",""
"11","","","","","","","","","","","","","","","","","","","","","","","","","","","","","","",""
"12","","","","","","","","","","","","","","","","","","","","","","","","","","","","","","",""
"13","","","","","","","","","","","","","","","","","","","","","","","","","","","","","","",""
"14","","","","","","","","","","","","","","","","","","","","","","","","","","","","","","",""
"15","","","","","","","","","","","","","","","","","","","","","","","","","","","","","","",""
"16","","","","","","","","","","","","","","","","","","","","","","","","","","","","","","",""
"17","","","","","","","","","","","","","","","","","","","","","","","","","","","","","","",""
"18","","","","","","","","","","","","","","","","","","","","","","","","","","","","","","",""
"19","","","","","","","","","","","","","","","","","","","","","","","","","","","","","","",""
"20","","","","","","","","","","","","","","","","","","","","","","","","","","","","","","",""
"1","random","random","random","random","random","random","random","random","random","random","random","random","random","random","random","random","random","random","random","random","random","random","random","random","random","random","random","random","random","random",""
"2","","","","","","","","","","","","","","","","","","","","","","","","","","","","","","",""
"3","","","","","","","","","","","","","","","","","","","","","","","","","","","","","","",""
"4","","","","","","","","","","","","","","","","","","","","","","","","","","","","","","",""
"5","","","","","","","","","","","","","","","","","","","","","","","","","","","","","","",""
"6","","","","","","","","","","","","","","","","","","","","","","","","","","","","","","",""
"7","","","","","","","","","","","","","","","","","","","","","","","","","","","","","","",""
"8","","","","","","","","","","","","","","","","","","","","","","","","","","","","","","",""
"9","","","","","","","","","","","","","","","","","","","","","","","","","","","","","","",""
"10","","","","","","","","","","","","","","","","","","","","","","","","","","","","","","",""
"11","","","","","","","","","","","","","","","","","","","","","","","","","","","","","","",""
"12","","","","","","","","","","","","","","","","","","","","","","","","","","","","","","",""
"13","","","","","","","","","","","","","","","","","","","","","","","","","","","","","","",""
"14","","","","","","","","","","","","","","","","","","","","","","","","","","","","","","",""
"15","","","","","","","","","","","","","","","","","","","","","","","","","","","","","","",""
"16","","","","","","","","","","","","","","","","","","","","","","","","","","","","","","",""
"17","","","","","","","","","","","","","","","","","","","","","","","","","","","","","","",""
"18","","","","","","","","","","","","","","","","","","","","","","","","","","","","","","",""
"19","","","","","","","","","","","","","","","","","","","","","","","","","","","","","","",""
"20","","","","","","","","","","","","","","","","","","","","","","","","","","","","","","",""
"1","random","random","random","random","random","random","random","random","random","random","random","random","random","random","random","random","random","random","random","random","random","random","random","random","random","random","random","random","random","random",""