itemRef,pilotRef,titanRef,type,image,name,description,pilotCost,titanCost,pilotWeaponCost,titanWeaponCost,category
"camo_skin00","pilot_camo_skin00","titan_camo_skin00","CAMO","rui/menu/common/no_art","#CAMO_DEFAULT","#DEFAULT_DESC",0,0,0,0,1
"camo_skin01","pilot_camo_skin01","titan_camo_skin01","CAMO","models/camo_skins/camo_skin01_col","#CAMO_SKIN_01","#CAMO_SKIN_01_DESC",0,0,0,0,1
"camo_skin02","pilot_camo_skin02","titan_camo_skin02","CAMO","models/camo_skins/camo_skin02_col","#CAMO_SKIN_02","#CAMO_SKIN_02_DESC",0,0,0,0,1
"camo_skin03","pilot_camo_skin03","titan_camo_skin03","CAMO","models/camo_skins/camo_skin03_col","#CAMO_SKIN_03","#CAMO_SKIN_03_DESC",0,0,0,0,1
"camo_skin04","pilot_camo_skin04","titan_camo_skin04","CAMO","models/camo_skins/camo_skin04_col","#CAMO_SKIN_04","#CAMO_SKIN_04_DESC",150,100,75,50,3
"camo_skin05","pilot_camo_skin05","titan_camo_skin05","CAMO","models/camo_skins/camo_skin05_col","#CAMO_SKIN_05","#CAMO_SKIN_05_DESC",150,100,75,50,3
"camo_skin06","pilot_camo_skin06","titan_camo_skin06","CAMO","models/camo_skins/camo_skin06_col","#CAMO_SKIN_06","#CAMO_SKIN_06_DESC",150,100,75,50,4
"camo_skin07","pilot_camo_skin07","titan_camo_skin07","CAMO","models/camo_skins/camo_skin07_col","#CAMO_SKIN_07","#CAMO_SKIN_07_DESC",0,0,0,0,2
"camo_skin08","pilot_camo_skin08","titan_camo_skin08","CAMO","models/camo_skins/camo_skin08_col","#CAMO_SKIN_08","#CAMO_SKIN_08_DESC",150,100,75,50,4
"camo_skin09","pilot_camo_skin09","titan_camo_skin09","CAMO","models/camo_skins/camo_skin09_col","#CAMO_SKIN_09","#CAMO_SKIN_09_DESC",0,0,0,0,1
"camo_skin10","pilot_camo_skin10","titan_camo_skin10","CAMO","models/camo_skins/camo_skin10_col","#CAMO_SKIN_10","#CAMO_SKIN_10_DESC",0,0,0,0,1
"camo_skin11","pilot_camo_skin11","titan_camo_skin11","CAMO","models/camo_skins/camo_skin11_col","#CAMO_SKIN_11","#CAMO_SKIN_11_DESC",150,100,75,50,4
"camo_skin12","pilot_camo_skin12","titan_camo_skin12","CAMO","models/camo_skins/camo_skin12_col","#CAMO_SKIN_12","#CAMO_SKIN_12_DESC",150,100,75,50,4
"camo_skin13","pilot_camo_skin13","titan_camo_skin13","CAMO","models/camo_skins/camo_skin13_col","#CAMO_SKIN_13","#CAMO_SKIN_13_DESC",0,0,0,0,2
"camo_skin14","pilot_camo_skin14","titan_camo_skin14","CAMO","models/camo_skins/camo_skin14_col","#CAMO_SKIN_14","#CAMO_SKIN_14_DESC",0,0,0,0,1
"camo_skin15","pilot_camo_skin15","titan_camo_skin15","CAMO","models/camo_skins/camo_skin15_col","#CAMO_SKIN_15","#CAMO_SKIN_15_DESC",0,0,0,0,1
"camo_skin16","pilot_camo_skin16","titan_camo_skin16","CAMO","models/camo_skins/camo_skin16_col","#CAMO_SKIN_16","#CAMO_SKIN_16_DESC",0,0,0,0,1
"camo_skin17","pilot_camo_skin17","titan_camo_skin17","CAMO","models/camo_skins/camo_skin17_col","#CAMO_SKIN_17","#CAMO_SKIN_17_DESC",0,0,0,0,1
"camo_skin18","pilot_camo_skin18","titan_camo_skin18","CAMO","models/camo_skins/camo_skin18_col","#CAMO_SKIN_18","#CAMO_SKIN_18_DESC",0,0,0,0,1
"camo_skin19","pilot_camo_skin19","titan_camo_skin19","CAMO","models/camo_skins/camo_skin19_col","#CAMO_SKIN_19","#CAMO_SKIN_19_DESC",0,0,0,0,1
"camo_skin20","pilot_camo_skin20","titan_camo_skin20","CAMO","models/camo_skins/camo_skin20_col","#CAMO_SKIN_20","#CAMO_SKIN_20_DESC",150,100,75,50,3
"camo_skin21","pilot_camo_skin21","titan_camo_skin21","CAMO","models/camo_skins/camo_skin21_col","#CAMO_SKIN_21","#CAMO_SKIN_21_DESC",150,100,75,50,3
"camo_skin22","pilot_camo_skin22","titan_camo_skin22","CAMO","models/camo_skins/camo_skin22_col","#CAMO_SKIN_22","#CAMO_SKIN_22_DESC",150,100,75,50,3
"camo_skin23","pilot_camo_skin23","titan_camo_skin23","CAMO","models/camo_skins/camo_skin23_col","#CAMO_SKIN_23","#CAMO_SKIN_23_DESC",150,100,75,50,3
"camo_skin24","pilot_camo_skin24","titan_camo_skin24","CAMO","models/camo_skins/camo_skin24_col","#CAMO_SKIN_24","#CAMO_SKIN_24_DESC",0,0,0,0,1
"camo_skin25","pilot_camo_skin25","titan_camo_skin25","CAMO","models/camo_skins/camo_skin25_col","#CAMO_SKIN_25","#CAMO_SKIN_25_DESC",0,0,0,0,1
"camo_skin26","pilot_camo_skin26","titan_camo_skin26","CAMO","models/camo_skins/camo_skin26_col","#CAMO_SKIN_26","#CAMO_SKIN_26_DESC",0,0,0,0,1
"camo_skin27","pilot_camo_skin27","titan_camo_skin27","CAMO","models/camo_skins/camo_skin27_col","#CAMO_SKIN_27","#CAMO_SKIN_27_DESC",0,0,0,0,1
"camo_skin28","pilot_camo_skin28","titan_camo_skin28","CAMO","models/camo_skins/camo_skin28_col","#CAMO_SKIN_28","#CAMO_SKIN_28_DESC",150,100,75,50,4
"camo_skin29","pilot_camo_skin29","titan_camo_skin29","CAMO","models/camo_skins/camo_skin29_col","#CAMO_SKIN_29","#CAMO_SKIN_29_DESC",150,100,75,50,4
"camo_skin30","pilot_camo_skin30","titan_camo_skin30","CAMO","models/camo_skins/camo_skin30_col","#CAMO_SKIN_30","#CAMO_SKIN_30_DESC",0,0,0,0,1
"camo_skin31","pilot_camo_skin31","titan_camo_skin31","CAMO","models/camo_skins/camo_skin31_col","#CAMO_SKIN_31","#CAMO_SKIN_31_DESC",0,0,0,0,1
"camo_skin32","pilot_camo_skin32","titan_camo_skin32","CAMO","models/camo_skins/camo_skin32_col","#CAMO_SKIN_32","#CAMO_SKIN_32_DESC",150,100,75,50,4
"camo_skin33","pilot_camo_skin33","titan_camo_skin33","CAMO","models/camo_skins/camo_skin33_col","#CAMO_SKIN_33","#CAMO_SKIN_33_DESC",150,100,75,50,4
"camo_skin34","pilot_camo_skin34","titan_camo_skin34","CAMO","models/camo_skins/camo_skin34_col","#CAMO_SKIN_34","#CAMO_SKIN_34_DESC",150,100,75,50,4
"camo_skin35","pilot_camo_skin35","titan_camo_skin35","CAMO","models/camo_skins/camo_skin35_col","#CAMO_SKIN_35","#CAMO_SKIN_35_DESC",150,100,75,50,3
"camo_skin36","pilot_camo_skin36","titan_camo_skin36","CAMO","models/camo_skins/camo_skin36_col","#CAMO_SKIN_36","#CAMO_SKIN_36_DESC",150,100,75,50,3
"camo_skin37","pilot_camo_skin37","titan_camo_skin37","CAMO","models/camo_skins/camo_skin37_col","#CAMO_SKIN_37","#CAMO_SKIN_37_DESC",150,100,75,50,4
"camo_skin38","pilot_camo_skin38","titan_camo_skin38","CAMO","models/camo_skins/camo_skin38_col","#CAMO_SKIN_38","#CAMO_SKIN_38_DESC",150,100,75,50,4
"camo_skin39","pilot_camo_skin39","titan_camo_skin39","CAMO","models/camo_skins/camo_skin39_col","#CAMO_SKIN_39","#CAMO_SKIN_39_DESC",150,100,75,50,4
"camo_skin40","pilot_camo_skin40","titan_camo_skin40","CAMO","models/camo_skins/camo_skin40_col","#CAMO_SKIN_40","#CAMO_SKIN_40_DESC",150,100,75,50,3
"camo_skin41","pilot_camo_skin41","titan_camo_skin41","CAMO","models/camo_skins/camo_skin41_col","#CAMO_SKIN_41","#CAMO_SKIN_41_DESC",150,100,75,50,3
"camo_skin42","pilot_camo_skin42","titan_camo_skin42","CAMO","models/camo_skins/camo_skin42_col","#CAMO_SKIN_42","#CAMO_SKIN_42_DESC",150,100,75,50,3
"camo_skin43","pilot_camo_skin43","titan_camo_skin43","CAMO","models/camo_skins/camo_skin43_col","#CAMO_SKIN_43","#CAMO_SKIN_43_DESC",150,100,75,50,3
"camo_skin44","pilot_camo_skin44","titan_camo_skin44","CAMO","models/camo_skins/camo_skin44_col","#CAMO_SKIN_44","#CAMO_SKIN_44_DESC",150,100,75,50,3
"camo_skin45","pilot_camo_skin45","titan_camo_skin45","CAMO","models/camo_skins/camo_skin45_col","#CAMO_SKIN_45","#CAMO_SKIN_45_DESC",150,100,75,50,3
"camo_skin46","pilot_camo_skin46","titan_camo_skin46","CAMO","models/camo_skins/camo_skin46_col","#CAMO_SKIN_46","#CAMO_SKIN_46_DESC",150,100,75,50,3
"camo_skin47","pilot_camo_skin47","titan_camo_skin47","CAMO","models/camo_skins/camo_skin47_col","#CAMO_SKIN_47","#CAMO_SKIN_47_DESC",150,100,75,50,4
"camo_skin48","pilot_camo_skin48","titan_camo_skin48","CAMO","models/camo_skins/camo_skin48_col","#CAMO_SKIN_48","#CAMO_SKIN_48_DESC",150,100,75,50,4
"camo_skin49","pilot_camo_skin49","titan_camo_skin49","CAMO","models/camo_skins/camo_skin49_col","#CAMO_SKIN_49","#CAMO_SKIN_49_DESC",150,100,75,50,4
"camo_skin50","pilot_camo_skin50","titan_camo_skin50","CAMO","models/camo_skins/camo_skin50_col","#CAMO_SKIN_50","#CAMO_SKIN_50_DESC",150,100,75,50,4
"camo_skin51","pilot_camo_skin51","titan_camo_skin51","CAMO","models/camo_skins/camo_skin51_col","#CAMO_SKIN_51","#CAMO_SKIN_51_DESC",150,100,75,50,4
"camo_skin52","pilot_camo_skin52","titan_camo_skin52","CAMO","models/camo_skins/camo_skin52_col","#CAMO_SKIN_52","#CAMO_SKIN_52_DESC",150,100,75,50,4
"camo_skin53","pilot_camo_skin53","titan_camo_skin53","CAMO","models/camo_skins/camo_skin53_col","#CAMO_SKIN_53","#CAMO_SKIN_53_DESC",150,100,75,50,4
"camo_skin54","pilot_camo_skin54","titan_camo_skin54","CAMO","models/camo_skins/camo_skin54_col","#CAMO_SKIN_54","#CAMO_SKIN_54_DESC",150,100,75,50,4
"camo_skin55","pilot_camo_skin55","titan_camo_skin55","CAMO","models/camo_skins/camo_skin55_col","#CAMO_SKIN_55","#CAMO_SKIN_55_DESC",0,0,0,0,2
"camo_skin56","pilot_camo_skin56","titan_camo_skin56","CAMO","models/camo_skins/camo_skin56_col","#CAMO_SKIN_56","#CAMO_SKIN_56_DESC",0,0,0,0,2
"camo_skin57","pilot_camo_skin57","titan_camo_skin57","CAMO","models/camo_skins/camo_skin57_col","#CAMO_SKIN_57","#CAMO_SKIN_57_DESC",0,0,0,0,2
"camo_skin58","pilot_camo_skin58","titan_camo_skin58","CAMO","models/camo_skins/camo_skin58_col","#CAMO_SKIN_58","#CAMO_SKIN_58_DESC",0,0,0,0,2
"camo_skin59","pilot_camo_skin59","titan_camo_skin59","CAMO","models/camo_skins/camo_skin59_col","#CAMO_SKIN_59","#CAMO_SKIN_59_DESC",0,0,0,0,2
"camo_skin60","pilot_camo_skin60","titan_camo_skin60","CAMO","models/camo_skins/camo_skin60_col","#CAMO_SKIN_60","#CAMO_SKIN_60_DESC",0,0,0,0,2
"camo_skin61","pilot_camo_skin61","titan_camo_skin61","CAMO","models/camo_skins/camo_skin61_col","#CAMO_SKIN_61","#CAMO_SKIN_61_DESC",0,0,0,0,2
"camo_skin62","pilot_camo_skin62","titan_camo_skin62","CAMO","models/camo_skins/camo_skin62_col","#CAMO_SKIN_62","#CAMO_SKIN_62_DESC",0,0,0,0,2
"camo_skin63","pilot_camo_skin63","titan_camo_skin63","CAMO","models/camo_skins/camo_skin63_col","#CAMO_SKIN_63","#CAMO_SKIN_63_DESC",0,0,0,0,2
"camo_skin64","pilot_camo_skin64","titan_camo_skin64","CAMO","models/camo_skins/camo_skin64_col","#CAMO_SKIN_64","#CAMO_SKIN_64_DESC",0,0,0,0,2
"camo_skin65","pilot_camo_skin65","titan_camo_skin65","CAMO","models/camo_skins/camo_skin65_col","#CAMO_SKIN_65","#CAMO_SKIN_65_DESC",0,0,0,0,2
"camo_skin66","pilot_camo_skin66","titan_camo_skin66","CAMO","models/camo_skins/camo_skin66_col","#CAMO_SKIN_66","#CAMO_SKIN_66_DESC",0,0,0,0,2
"camo_skin67","pilot_camo_skin67","titan_camo_skin67","CAMO","models/camo_skins/camo_skin67_col","#CAMO_SKIN_67","#CAMO_SKIN_67_DESC",0,0,0,0,2
"camo_skin68","pilot_camo_skin68","titan_camo_skin68","CAMO","models/camo_skins/camo_skin68_col","#CAMO_SKIN_68","#CAMO_SKIN_68_DESC",150,100,75,50,4
"camo_skin69","pilot_camo_skin69","titan_camo_skin69","CAMO","models/camo_skins/camo_skin69_col","#CAMO_SKIN_69","#CAMO_SKIN_69_DESC",150,100,75,50,4
"camo_skin70","pilot_camo_skin70","titan_camo_skin70","CAMO","models/camo_skins/camo_skin70_col","#CAMO_SKIN_70","#CAMO_SKIN_70_DESC",150,100,75,50,4
"camo_skin71","pilot_camo_skin71","titan_camo_skin71","CAMO","models/camo_skins/camo_skin71_col","#CAMO_SKIN_71","#CAMO_SKIN_71_DESC",150,100,75,50,4
"camo_skin72","pilot_camo_skin72","titan_camo_skin72","CAMO","models/camo_skins/camo_skin72_col","#CAMO_SKIN_72","#CAMO_SKIN_72_DESC",150,100,75,50,4
"camo_skin73","pilot_camo_skin73","titan_camo_skin73","CAMO","models/camo_skins/camo_skin73_col","#CAMO_SKIN_73","#CAMO_SKIN_73_DESC",150,100,75,50,4
"camo_skin74","pilot_camo_skin74","titan_camo_skin74","CAMO","models/camo_skins/camo_skin74_col","#CAMO_SKIN_74","#CAMO_SKIN_74_DESC",150,100,75,50,4
"camo_skin75","pilot_camo_skin75","titan_camo_skin75","CAMO","models/camo_skins/camo_skin75_col","#CAMO_SKIN_75","#CAMO_SKIN_75_DESC",150,100,75,50,4
"camo_skin76","pilot_camo_skin76","titan_camo_skin76","CAMO","models/camo_skins/camo_skin76_col","#CAMO_SKIN_76","#CAMO_SKIN_76_DESC",150,100,75,50,3
"camo_skin77","pilot_camo_skin77","titan_camo_skin77","CAMO","models/camo_skins/camo_skin77_col","#CAMO_SKIN_77","#CAMO_SKIN_77_DESC",150,100,75,50,3
"camo_skin78","pilot_camo_skin78","titan_camo_skin78","CAMO","models/camo_skins/camo_skin78_col","#CAMO_SKIN_78","#CAMO_SKIN_78_DESC",150,100,75,50,3
"camo_skin79","pilot_camo_skin79","titan_camo_skin79","CAMO","models/camo_skins/camo_skin79_col","#CAMO_SKIN_79","#CAMO_SKIN_79_DESC",150,100,75,50,3
"camo_skin80","pilot_camo_skin80","titan_camo_skin80","CAMO","models/camo_skins/camo_skin80_col","#CAMO_SKIN_80","#CAMO_SKIN_80_DESC",150,100,75,50,3
"camo_skin81","pilot_camo_skin81","titan_camo_skin81","CAMO","models/camo_skins/camo_skin81_col","#CAMO_SKIN_81","#CAMO_SKIN_81_DESC",0,0,0,0,1
"camo_skin82","pilot_camo_skin82","titan_camo_skin82","CAMO","models/camo_skins/camo_skin82_col","#CAMO_SKIN_82","#CAMO_SKIN_82_DESC",0,0,0,0,1
"camo_skin83","pilot_camo_skin83","titan_camo_skin83","CAMO","models/camo_skins/camo_skin83_col","#CAMO_SKIN_83","#CAMO_SKIN_83_DESC",0,0,0,0,1
"camo_skin84","pilot_camo_skin84","titan_camo_skin84","CAMO","models/camo_skins/camo_skin84_col","#CAMO_SKIN_84","#CAMO_SKIN_84_DESC",150,100,75,50,4
"camo_skin85","pilot_camo_skin85","titan_camo_skin85","CAMO","models/camo_skins/camo_skin85_col","#CAMO_SKIN_85","#CAMO_SKIN_85_DESC",0,0,0,0,2
"camo_skin86","pilot_camo_skin86","titan_camo_skin86","CAMO","models/camo_skins/camo_skin86_col","#CAMO_SKIN_86","#CAMO_SKIN_86_DESC",150,100,75,50,4
"camo_skin87","pilot_camo_skin87","titan_camo_skin87","CAMO","models/camo_skins/camo_skin87_col","#CAMO_SKIN_87","#CAMO_SKIN_87_DESC",0,0,0,0,2
"camo_skin88","pilot_camo_skin88","titan_camo_skin88","CAMO","models/camo_skins/camo_skin88_col","#CAMO_SKIN_88","#CAMO_SKIN_88_DESC",150,100,75,50,4
"camo_skin89","pilot_camo_skin89","titan_camo_skin89","CAMO","models/camo_skins/camo_skin89_col","#CAMO_SKIN_89","#CAMO_SKIN_89_DESC",150,100,75,50,4
"camo_skin90","pilot_camo_skin90","titan_camo_skin90","CAMO","models/camo_skins/camo_skin90_col","#CAMO_SKIN_90","#CAMO_SKIN_90_DESC",150,100,75,50,4
"camo_skin91","pilot_camo_skin91","titan_camo_skin91","CAMO","models/camo_skins/camo_skin91_col","#CAMO_SKIN_91","#CAMO_SKIN_91_DESC",0,0,0,0,2
"camo_skin92","pilot_camo_skin92","titan_camo_skin92","CAMO","models/camo_skins/camo_skin92_col","#CAMO_SKIN_92","#CAMO_SKIN_92_DESC",0,0,0,0,1
"camo_skin93","pilot_camo_skin93","titan_camo_skin93","CAMO","models/camo_skins/camo_skin93_col","#CAMO_SKIN_93","#CAMO_SKIN_93_DESC",0,0,0,0,2
"camo_skin94","pilot_camo_skin94","titan_camo_skin94","CAMO","models/camo_skins/camo_skin94_col","#CAMO_SKIN_94","#CAMO_SKIN_94_DESC",0,0,0,0,2
"camo_skin95","pilot_camo_skin95","titan_camo_skin95","CAMO","models/camo_skins/camo_skin95_col","#CAMO_SKIN_95","#CAMO_SKIN_95_DESC",150,100,75,50,4
"camo_skin96","pilot_camo_skin96","titan_camo_skin96","CAMO","models/camo_skins/camo_skin96_col","#CAMO_SKIN_96","#CAMO_SKIN_96_DESC",150,100,75,50,4
"camo_skin97","pilot_camo_skin97","titan_camo_skin97","CAMO","models/camo_skins/camo_skin97_col","#CAMO_SKIN_97","#CAMO_SKIN_97_DESC",0,0,0,0,1
"camo_skin98","pilot_camo_skin98","titan_camo_skin98","CAMO","models/camo_skins/camo_skin98_col","#CAMO_SKIN_98","#CAMO_SKIN_98_DESC",150,100,75,50,4
"camo_skin99","pilot_camo_skin99","titan_camo_skin99","CAMO","models/camo_skins/camo_skin99_col","#CAMO_SKIN_99","#CAMO_SKIN_99_DESC",150,100,75,50,4
"camo_skin101","pilot_camo_skin101","titan_camo_skin101","CAMO","models/camo_skins/camo_skin101_col","#CAMO_SKIN_101","#CAMO_SKIN_101_DESC",0,0,0,0,5
"camo_skin102","pilot_camo_skin102","titan_camo_skin102","CAMO","models/camo_skins/camo_skin102_col","#CAMO_SKIN_102","#CAMO_SKIN_102_DESC",0,0,0,0,5
"camo_skin103","pilot_camo_skin103","titan_camo_skin103","CAMO","models/camo_skins/camo_skin103_col","#CAMO_SKIN_103","#CAMO_SKIN_103_DESC",0,0,0,0,5
"camo_skin104","pilot_camo_skin104","titan_camo_skin104","CAMO","models/camo_skins/camo_skin104_col","#CAMO_SKIN_104","#CAMO_SKIN_104_DESC",0,0,0,0,5
"camo_skin105","pilot_camo_skin105","titan_camo_skin105","CAMO","models/camo_skins/camo_skin105_col","#CAMO_SKIN_105","#CAMO_SKIN_105_DESC",0,0,0,0,5
"camo_skin106","pilot_camo_skin106","titan_camo_skin106","CAMO","models/camo_skins/camo_skin106_col","#CAMO_SKIN_106","#CAMO_SKIN_106_DESC",0,0,0,0,5
"camo_skin107","pilot_camo_skin107","titan_camo_skin107","CAMO","models/camo_skins/camo_skin107_col","#CAMO_SKIN_107","#CAMO_SKIN_107_DESC",0,0,0,0,5
"camo_skin108","pilot_camo_skin108","titan_camo_skin108","CAMO","models/camo_skins/camo_skin108_col","#CAMO_SKIN_108","#CAMO_SKIN_108_DESC",0,0,0,0,5
"camo_skin109","pilot_camo_skin109","titan_camo_skin109","CAMO","models/camo_skins/camo_skin109_col","#CAMO_SKIN_109","#CAMO_SKIN_109_DESC",0,0,0,0,5
"camo_skin110","pilot_camo_skin110","titan_camo_skin110","CAMO","models/camo_skins/camo_skin110_col","#CAMO_SKIN_110","#CAMO_SKIN_110_DESC",0,0,0,0,5
"camo_skin111","pilot_camo_skin111","titan_camo_skin111","CAMO","models/camo_skins/camo_skin111_col","#CAMO_SKIN_111","#CAMO_SKIN_111_DESC",0,0,0,0,5
"camo_skin112","pilot_camo_skin112","titan_camo_skin112","CAMO","models/camo_skins/camo_skin112_col","#CAMO_SKIN_112","#CAMO_SKIN_112_DESC",0,0,0,0,5
"camo_skin113","pilot_camo_skin113","titan_camo_skin113","CAMO","models/camo_skins/camo_skin113_col","#CAMO_SKIN_113","#CAMO_SKIN_113_DESC",0,0,0,0,5
"camo_skin114","pilot_camo_skin114","titan_camo_skin114","CAMO","models/camo_skins/camo_skin114_col","#CAMO_SKIN_114","#CAMO_SKIN_114_DESC",0,0,0,0,5
"camo_skin115","pilot_camo_skin115","titan_camo_skin115","CAMO","models/camo_skins/camo_skin115_col","#CAMO_SKIN_115","#CAMO_SKIN_115_DESC",0,0,0,0,5
"camo_skin116","pilot_camo_skin116","titan_camo_skin116","CAMO","models/camo_skins/camo_skin116_col","#CAMO_SKIN_116","#CAMO_SKIN_116_DESC",0,0,0,0,5
"camo_skin117","pilot_camo_skin117","titan_camo_skin117","CAMO","models/camo_skins/camo_skin117_col","#CAMO_SKIN_117","#CAMO_SKIN_117_DESC",0,0,0,0,5
"camo_skin118","pilot_camo_skin118","titan_camo_skin118","CAMO","models/camo_skins/camo_skin118_col","#CAMO_SKIN_118","#CAMO_SKIN_118_DESC",0,0,0,0,5
"camo_skin119","pilot_camo_skin119","titan_camo_skin119","CAMO","models/camo_skins/camo_skin119_col","#CAMO_SKIN_119","#CAMO_SKIN_119_DESC",0,0,0,0,5
"camo_skin120","pilot_camo_skin120","titan_camo_skin120","CAMO","models/camo_skins/camo_skin120_col","#CAMO_SKIN_120","#CAMO_SKIN_120_DESC",0,0,0,0,5
"camo_skin121","pilot_camo_skin121","titan_camo_skin121","CAMO","models/camo_skins/camo_skin121_col","#CAMO_SKIN_121","#CAMO_SKIN_119_DESC",0,0,0,0,5
"camo_skin122","pilot_camo_skin122","titan_camo_skin122","CAMO","models/camo_skins/camo_skin122_col","#CAMO_SKIN_122","#CAMO_SKIN_120_DESC",0,0,0,0,5
"camo_skin123","pilot_camo_skin123","titan_camo_skin123","CAMO","models/camo_skins/camo_skin123_col","#CAMO_SKIN_123","#CAMO_SKIN_119_DESC",0,0,0,0,5
"camo_skin124","pilot_camo_skin124","titan_camo_skin124","CAMO","models/camo_skins/camo_skin124_col","#CAMO_SKIN_124","#CAMO_SKIN_120_DESC",0,0,0,0,5
"camo_skin125","pilot_camo_skin125","titan_camo_skin125","CAMO","models/camo_skins/camo_skin125_col","#CAMO_SKIN_125","#CAMO_SKIN_119_DESC",0,0,0,0,5
"camo_skin126","pilot_camo_skin126","titan_camo_skin126","CAMO","models/camo_skins/camo_skin126_col","#CAMO_SKIN_126","#CAMO_SKIN_120_DESC",0,0,0,0,5
"camo_skin127","pilot_camo_skin127","titan_camo_skin127","CAMO","models/camo_skins/camo_skin127_col","#CAMO_SKIN_127","#CAMO_SKIN_119_DESC",0,0,0,0,5
"camo_skin128","pilot_camo_skin128","titan_camo_skin128","CAMO","models/camo_skins/camo_skin128_col","#CAMO_SKIN_128","#CAMO_SKIN_120_DESC",0,0,0,0,5
"camo_skin129","pilot_camo_skin129","titan_camo_skin129","CAMO","models/camo_skins/camo_skin129_col","#CAMO_SKIN_129","#CAMO_SKIN_119_DESC",0,0,0,0,5
"camo_skin130","pilot_camo_skin130","titan_camo_skin130","CAMO","models/camo_skins/camo_skin130_col","#CAMO_SKIN_130","#CAMO_SKIN_120_DESC",0,0,0,0,5
"camo_skin131","pilot_camo_skin131","titan_camo_skin131","CAMO","models/camo_skins/camo_skin131_col","#CAMO_SKIN_131","#CAMO_SKIN_119_DESC",0,0,0,0,5
"camo_skin132","pilot_camo_skin132","titan_camo_skin132","CAMO","models/camo_skins/camo_skin132_col","#CAMO_SKIN_132","#CAMO_SKIN_120_DESC",0,0,0,0,5
"camo_skin133","pilot_camo_skin133","titan_camo_skin133","CAMO","models/camo_skins/camo_skin133_col","#CAMO_SKIN_133","#CAMO_SKIN_119_DESC",0,0,0,0,5
"camo_skin134","pilot_camo_skin134","titan_camo_skin134","CAMO","models/camo_skins/camo_skin134_col","#CAMO_SKIN_134","#CAMO_SKIN_120_DESC",0,0,0,0,5
"camo_skin135","pilot_camo_skin135","titan_camo_skin135","CAMO","models/camo_skins/camo_skin135_col","#CAMO_SKIN_135","#CAMO_SKIN_119_DESC",0,0,0,0,5
"camo_skin136","pilot_camo_skin136","titan_camo_skin136","CAMO","models/camo_skins/camo_skin136_col","#CAMO_SKIN_136","#CAMO_SKIN_120_DESC",0,0,0,0,5
"camo_skin137","pilot_camo_skin137","titan_camo_skin137","CAMO","models/camo_skins/camo_skin137_col","#CAMO_SKIN_137","#CAMO_SKIN_119_DESC",0,0,0,0,5
"camo_skin138","pilot_camo_skin138","titan_camo_skin138","CAMO","models/camo_skins/camo_skin138_col","#CAMO_SKIN_138","#CAMO_SKIN_120_DESC",0,0,0,0,5
"camo_skin139","pilot_camo_skin139","titan_camo_skin139","CAMO","models/camo_skins/camo_skin139_col","#CAMO_SKIN_139","#CAMO_SKIN_119_DESC",0,0,0,0,5
"camo_skin140","pilot_camo_skin140","titan_camo_skin140","CAMO","models/camo_skins/camo_skin140_col","#CAMO_SKIN_140","#CAMO_SKIN_120_DESC",0,0,0,0,5
"camo_skin141","pilot_camo_skin141","titan_camo_skin141","CAMO","models/camo_skins/camo_skin141_col","#CAMO_SKIN_141","#CAMO_SKIN_119_DESC",0,0,0,0,5
"camo_skin142","pilot_camo_skin142","titan_camo_skin142","CAMO","models/camo_skins/camo_skin142_col","#CAMO_SKIN_142","#CAMO_SKIN_120_DESC",0,0,0,0,5
"camo_skin143","pilot_camo_skin143","titan_camo_skin143","CAMO","models/camo_skins/camo_skin143_col","#CAMO_SKIN_143","#CAMO_SKIN_119_DESC",0,0,0,0,5
"camo_skin144","pilot_camo_skin144","titan_camo_skin144","CAMO","models/camo_skins/camo_skin144_col","#CAMO_SKIN_144","#CAMO_SKIN_120_DESC",0,0,0,0,5
"camo_skin145","pilot_camo_skin145","titan_camo_skin145","CAMO","models/camo_skins/camo_skin145_col","#CAMO_SKIN_145","#CAMO_SKIN_119_DESC",0,0,0,0,5
"camo_skin146","pilot_camo_skin146","titan_camo_skin146","CAMO","models/camo_skins/camo_skin146_col","#CAMO_SKIN_146","#CAMO_SKIN_120_DESC",0,0,0,0,5
"camo_skin147","pilot_camo_skin147","titan_camo_skin147","CAMO","models/camo_skins/camo_skin147_col","#CAMO_SKIN_147","#CAMO_SKIN_119_DESC",0,0,0,0,5
"camo_skin148","pilot_camo_skin148","titan_camo_skin148","CAMO","models/camo_skins/camo_skin148_col","#CAMO_SKIN_148","#CAMO_SKIN_120_DESC",0,0,0,0,5
"camo_skin149","pilot_camo_skin149","titan_camo_skin149","CAMO","models/camo_skins/camo_skin149_col","#CAMO_SKIN_149","#CAMO_SKIN_119_DESC",0,0,0,0,5
"camo_skin150","pilot_camo_skin150","titan_camo_skin150","CAMO","models/camo_skins/camo_skin150_col","#CAMO_SKIN_150","#CAMO_SKIN_120_DESC",0,0,0,0,5
"camo_skin151","pilot_camo_skin151","titan_camo_skin151","CAMO","models/camo_skins/camo_skin151_col","#CAMO_SKIN_151","#CAMO_SKIN_119_DESC",0,0,0,0,5
"camo_skin152","pilot_camo_skin152","titan_camo_skin152","CAMO","models/camo_skins/camo_skin152_col","#CAMO_SKIN_152","#CAMO_SKIN_120_DESC",0,0,0,0,5
"camo_skin153","pilot_camo_skin153","titan_camo_skin153","CAMO","models/camo_skins/camo_skin153_col","#CAMO_SKIN_153","#CAMO_SKIN_119_DESC",0,0,0,0,5
"camo_skin154","pilot_camo_skin154","titan_camo_skin154","CAMO","models/camo_skins/camo_skin154_col","#CAMO_SKIN_154","#CAMO_SKIN_120_DESC",0,0,0,0,5
"camo_skin155","pilot_camo_skin155","titan_camo_skin155","CAMO","models/camo_skins/camo_skin155_col","#CAMO_SKIN_155","#CAMO_SKIN_119_DESC",0,0,0,0,5
"camo_skin156","pilot_camo_skin156","titan_camo_skin156","CAMO","models/camo_skins/camo_skin156_col","#CAMO_SKIN_156","#CAMO_SKIN_120_DESC",0,0,0,0,5
"camo_skin157","pilot_camo_skin157","titan_camo_skin157","CAMO","models/camo_skins/camo_skin157_col","#CAMO_SKIN_157","#CAMO_SKIN_119_DESC",0,0,0,0,5
"camo_skin158","pilot_camo_skin158","titan_camo_skin158","CAMO","models/camo_skins/camo_skin158_col","#CAMO_SKIN_158","#CAMO_SKIN_120_DESC",0,0,0,0,5
"camo_skin159","pilot_camo_skin159","titan_camo_skin159","CAMO","models/camo_skins/camo_skin159_col","#CAMO_SKIN_159","#CAMO_SKIN_119_DESC",0,0,0,0,5
"camo_skin160","pilot_camo_skin160","titan_camo_skin160","CAMO","models/camo_skins/camo_skin160_col","#CAMO_SKIN_160","#CAMO_SKIN_120_DESC",0,0,0,0,5