name,splashText,medalText,pointValue,burnPointValue,pointType,xpValue,xpValueTitan,xpValueWeapon,xpValueFaction,xpType,displayType,medalIcon,conversation,scaleScoreForAutoTitan
"AttritionAirDroneKilled","#SCORE_EVENT_AT_AIR_DRONE_KILLED","#SCORE_EVENT_AT_AIR_DRONE_KILLED","ATTRITION_SCORE_AIR_DRONE","","ASSAULT","0","0","0","0","","ATTRITION MEDAL GAMEMODE","rui/medals/kill_robot","",0
"AttritionBossKilled","#SCORE_EVENT_AT_BOSS_KILLED","#SCORE_EVENT_AT_BOSS_KILLED","ATTRITION_SCORE_BOSS","","ASSAULT","0","0","0","0","","CALLINGCARD MEDAL GAMEMODE","rui/medals/kill_robot","",0
"AttritionBountySurvived","#SCORE_EVENT_AT_BOUNTY_SURVIVED","#SCORE_EVENT_AT_BOUNTY_SURVIVED","ATTRITION_SCORE_BOUNTY_SURVIVAL","","","0","0","0","0","","ATTRITION MEDAL GAMEMODE","rui/medals/victory","",0
"AttritionGruntKilled","#SCORE_EVENT_AT_GRUNT_KILLED","#SCORE_EVENT_AT_GRUNT_KILLED","ATTRITION_SCORE_GRUNT","","ASSAULT","0","0","0","0","","ATTRITION MEDAL GAMEMODE","rui/medals/kill","",0
"AttritionMegaTurretKilled","#SCORE_EVENT_AT_MEGA_TURRET_KILLED","#SCORE_EVENT_AT_MEGA_TURRET_KILLED","ATTRITION_SCORE_MEGATURRET","","ASSAULT","0","0","0","0","","ATTRITION MEDAL GAMEMODE","rui/medals/kill_robot","",0
"AttritionSentryTurretKilled","#SCORE_EVENT_AT_SENTRY_TURRET_KILLED","#SCORE_EVENT_AT_SENTRY_TURRET_KILLED","ATTRITION_SCORE_SENTRYTURRET","","ASSAULT","0","0","0","0","","ATTRITION MEDAL GAMEMODE","rui/medals/kill_robot","",0
"AttritionPilotKilled","#SCORE_EVENT_AT_PILOT_KILLED","#SCORE_EVENT_AT_PILOT_KILLED","ATTRITION_SCORE_PILOT","","ASSAULT","0","0","0","0","","ATTRITION MEDAL GAMEMODE","rui/medals/kill","",0
"AttritionProwlerKilled","#SCORE_EVENT_AT_PROWLER_KILLED","#SCORE_EVENT_AT_PROWLER_KILLED","ATTRITION_SCORE_PROWLER","","ASSAULT","0","0","0","0","","ATTRITION MEDAL GAMEMODE","rui/medals/kill","",0
"AttritionSpectreKilled","#SCORE_EVENT_AT_SPECTRE_KILLED","#SCORE_EVENT_AT_SPECTRE_KILLED","ATTRITION_SCORE_SPECTRE","","ASSAULT","0","0","0","0","","ATTRITION MEDAL GAMEMODE","rui/medals/kill_robot","",0
"AttritionStalkerKilled","#SCORE_EVENT_AT_STALKER_KILLED","#SCORE_EVENT_AT_STALKER_KILLED","ATTRITION_SCORE_STALKER","","ASSAULT","0","0","0","0","","ATTRITION MEDAL GAMEMODE","rui/medals/kill_robot","",0
"AttritionSuperSpectreKilled","#SCORE_EVENT_AT_SUPER_SPECTRE_KILLED","#SCORE_EVENT_AT_SUPER_SPECTRE_KILLED","ATTRITION_SCORE_SUPER_SPECTRE","","ASSAULT","0","0","0","0","","ATTRITION MEDAL GAMEMODE","rui/medals/kill_robot","",0
"AttritionTitanDoomed","#SCORE_EVENT_AT_TITAN_DOOMED","#SCORE_EVENT_AT_TITAN_DOOMED","ATTRITION_SCORE_TITAN","","ASSAULT","0","0","0","0","","ATTRITION MEDAL GAMEMODE","rui/medals/kill_robot","",0
"AttritionTitanKilled","#SCORE_EVENT_AT_TITAN_DOOMED","#SCORE_EVENT_AT_TITAN_DOOMED","ATTRITION_SCORE_TITAN","","ASSAULT","0","0","0","0","","ATTRITION MEDAL GAMEMODE","rui/medals/kill_robot","",0
"AttritionCashedBonus","#SCORE_EVENT_AT_CASHED_BONUS","#SCORE_EVENT_AT_CASHED_BONUS","ATTRITION_SCORE_BONUS","","ASSAULT","0","0","0","0","","ATTRITION MEDAL GAMEMODE","rui/medals/medal_prototype","",0
"AttritionBonusStolen","#SCORE_EVENT_AT_BONUS_STOLEN","#SCORE_EVENT_AT_BONUS_STOLEN","ATTRITION_SCORE_BONUS_STOLEN","","ASSAULT","0","0","0","0","","ATTRITION MEDAL GAMEMODE","rui/medals/kill_robot","",0
"BombCarry","#SCORE_EVENT_BOMB_CARRY_POINTS","#SCORE_EVENT_BOMB_CARRY_POINTS","GAMEMODE_BOMB_SCORE_CARRY","","DISTANCE","0","0","0","0","","MEDAL GAMEMODE","rui/medals/bomb","",0
"BombPlant","#SCORE_EVENT_BOMB_PLANT_POINTS","#SCORE_EVENT_BOMB_PLANT_POINTS","GAMEMODE_BOMB_SCORE_PLANT","","ASSAULT","0","0","0","0","","MEDAL GAMEMODE","rui/medals/bomb","",0
"BombDefuse","#SCORE_EVENT_BOMB_DEFUSE_POINTS","#SCORE_EVENT_BOMB_DEFUSE_POINTS","GAMEMODE_BOMB_SCORE_DEFUSE","","DEFENSE","0","0","0","0","","MEDAL GAMEMODE","rui/medals/bomb","",0
"BombExplode","#SCORE_EVENT_BOMB_EXPLODE_POINTS","#SCORE_EVENT_BOMB_EXPLODE_POINTS","GAMEMODE_BOMB_SCORE_EXPLODE","","DETONATION","0","0","0","0","","MEDAL GAMEMODE","rui/medals/bomb","",0
"ChallengeCompleted","#SCORE_EVENT_CHALLENGE_COMPLETED","#SCORE_EVENT_CHALLENGE_COMPLETED","0","","","0","0","0","0","","MEDAL","rui/medals/victory","",0
"ChallengePVPKillCount","#SCORE_EVENT_CHALLENGE_PVP_KILLS","#SCORE_EVENT_CHALLENGE_PVP_KILLS","","","","1","0","0","0","SCORE_MILESTONE","MEDAL CHALLENGE GAMEMODE","rui/medals/victory","",0
"ChallengeATAssault","#SCORE_EVENT_CHALLENGE_AT_ASSAULT","#SCORE_EVENT_CHALLENGE_AT_ASSAULT","","","","1","0","0","0","SCORE_MILESTONE","MEDAL CHALLENGE GAMEMODE","rui/medals/victory","",0
"ChallengeCPAssault","#SCORE_EVENT_CHALLENGE_CP_ASSAULT","#SCORE_EVENT_CHALLENGE_CP_ASSAULT","","","","1","0","0","0","SCORE_MILESTONE","MEDAL CHALLENGE GAMEMODE","rui/medals/victory","",0
"ChallengeCPDefense","#SCORE_EVENT_CHALLENGE_CP_DEFENSE","#SCORE_EVENT_CHALLENGE_CP_DEFENSE","","","","1","0","0","0","SCORE_MILESTONE","MEDAL CHALLENGE GAMEMODE","rui/medals/victory","",0
"ChallengeCTFCapAssist","#SCORE_EVENT_ASSIST_WITH_FLAG_CAP","#SCORE_EVENT_ASSIST_WITH_FLAG_CAP","","","","1","0","0","0","SCORE_MILESTONE","MEDAL CHALLENGE GAMEMODE","rui/medals/victory","",0
"ChallengeCTFRetAssist","#SCORE_EVENT_ASSIST_WITH_FLAG_RET","#SCORE_EVENT_ASSIST_WITH_FLAG_RET","","","","1","0","0","0","SCORE_MILESTONE","MEDAL CHALLENGE GAMEMODE","rui/medals/victory","",0
"ChallengeFW","#SCORE_EVENT_USE_N_BATTERIES","#SCORE_EVENT_USE_N_BATTERIES","","","","1","0","0","0","SCORE_MILESTONE","MEDAL CHALLENGE GAMEMODE","rui/medals/victory","",0
"ChallengeFFA","#SCORE_EVENT_KILL_N_PILOTS","#SCORE_EVENT_KILL_N_PILOTS","","","","1","0","0","0","SCORE_MILESTONE","MEDAL CHALLENGE GAMEMODE","rui/medals/victory","",0
"ChallengeTDM","#SCORE_EVENT_KILL_N_IN_A_ROW","#SCORE_EVENT_KILL_N_IN_A_ROW","","","","1","0","0","0","SCORE_MILESTONE","MEDAL CHALLENGE GAMEMODE","rui/medals/victory","",0
"ChallengeTTDM","#SCORE_EVENT_CHALLENGE_COMPLETED","#SCORE_EVENT_CHALLENGE_COMPLETED","","","","1","0","0","0","SCORE_MILESTONE","MEDAL CHALLENGE GAMEMODE","rui/medals/victory","",0
"ChallengeLTS","#SCORE_EVENT_KILL_N_TITANS","#SCORE_EVENT_KILL_N_TITANS","","","","1","0","0","0","SCORE_MILESTONE","MEDAL CHALLENGE GAMEMODE","rui/medals/victory","",0
"ChallengeSPEEDBALL","#SCORE_EVENT_KILL_N_PILOTS","#SCORE_EVENT_KILL_N_PILOTS","","","","1","0","0","0","SCORE_MILESTONE","MEDAL CHALLENGE GAMEMODE","rui/medals/victory","",0
"ChallengeMFD","#SCORE_EVENT_CHALLENGE_COMPLETED","#SCORE_EVENT_CHALLENGE_COMPLETED","","","","1","0","0","0","SCORE_MILESTONE","MEDAL CHALLENGE GAMEMODE","rui/medals/victory","",0
"ChallengeFD","#SCORE_EVENT_CHALLENGE_FD","#SCORE_EVENT_CHALLENGE_FD","","","","1","0","0","0","SCORE_MILESTONE","MEDAL CHALLENGE GAMEMODE","rui/medals/victory","",0
"Comeback","#SCORE_EVENT_COMEBACK","#SCORE_EVENT_COMEBACK","POINTVALUE_COMEBACK","","","0","0","0","0","","MEDAL","rui/medals/kill","kc_comeback",0
"ControlPanelHeavyTurretActivate","#SCORE_EVENT_HEAVY_TURRET_ACTIVATED","#SCORE_EVENT_HEAVY_TURRET_ACTIVATED","POINTVALUE_CONTROL_PANEL_ACTIVATE","","","0","0","0","0","","MEDAL","rui/medals/medal_prototype","",0
"ControlPanelLightTurretActivate","#SCORE_EVENT_LIGHT_TURRETS_ACTIVATED","#SCORE_EVENT_LIGHT_TURRETS_ACTIVATED","POINTVALUE_CONTROL_PANEL_ACTIVATE_LIGHT","","","0","0","0","0","","MEDAL","rui/medals/medal_prototype","",0
"ControlPointCapture","#SCORE_EVENT_HARDPOINT_CAPTURED","#SCORE_EVENT_HARDPOINT_CAPTURED","POINTVALUE_HARDPOINT_CAPTURE","","ASSAULT","0","0","0","0","","CALLINGCARD MEDAL GAMEMODE","rui/medals/hardpoint","",0
"ControlPointCaptureAssist","#SCORE_EVENT_HARDPOINT_CAPTURE_ASSIST","#SCORE_EVENT_HARDPOINT_CAPTURE_ASSIST","POINTVALUE_HARDPOINT_CAPTURE_ASSIST","","ASSAULT","0","0","0","0","","MEDAL GAMEMODE","rui/medals/hardpoint","",0
"ControlPointHold","#SCORE_EVENT_HARDPOINT_HOLD","#SCORE_EVENT_HARDPOINT_HOLD","POINTVALUE_HARDPOINT_HOLD","","DEFENSE","0","0","0","0","","MEDAL GAMEMODE","rui/medals/hardpoint","",0
"ControlPointTake","#SCORE_EVENT_HARDPOINT_TAKE","#SCORE_EVENT_HARDPOINT_TAKE","POINTVALUE_HARDPOINT_HOLD","","ASSAULT","0","0","0","0","","MEDAL GAMEMODE","rui/medals/hardpoint","",0
"ControlPointAmped","#SCORE_EVENT_HARDPOINT_AMPED","#SCORE_EVENT_HARDPOINT_AMPED","POINTVALUE_HARDPOINT_AMPED","","DEFENSE","0","0","0","0","","MEDAL GAMEMODE","rui/medals/hardpoint","",0
"ControlPointAmpedHold","#SCORE_EVENT_HARDPOINT_AMPED_HOLD","#SCORE_EVENT_HARDPOINT_AMPED_HOLD","POINTVALUE_HARDPOINT_AMPED_HOLD","","DEFENSE","0","0","0","0","","MEDAL GAMEMODE","rui/medals/hardpoint","",0
"ControlPointNeutralize","#SCORE_EVENT_HARDPOINT_NEUTRALIZED","#SCORE_EVENT_HARDPOINT_NEUTRALIZED","POINTVALUE_HARDPOINT_NEUTRALIZE","","ASSAULT","0","0","0","0","","MEDAL GAMEMODE","rui/medals/hardpoint","",0
"ControlPointNeutralizeAssist","#SCORE_EVENT_HARDPOINT_NEUTRALIZE_ASSIST","#SCORE_EVENT_HARDPOINT_NEUTRALIZE_ASSIST","POINTVALUE_HARDPOINT_NEUTRALIZE_ASSIST","","ASSAULT","0","0","0","0","","MEDAL GAMEMODE","rui/medals/hardpoint","",0
"Damage","#SCORE_EVENT_DAMAGE_GENERIC","#SCORE_EVENT_DAMAGE_GENERIC","0","","","0","0","0","0","","CENTER","rui/medals/kill","",0
"DamageTitan","#SCORE_EVENT_DAMAGE_TITAN","#SCORE_EVENT_DAMAGE_TITAN","0","","","0","0","0","0","","CENTER","rui/medals/kill","",0
"StealMeter","#SCORE_EVENT_STEAL_METER","#SCORE_EVENT_STEAL_METER","0","","","0","0","0","0","","CENTER","rui/medals/kill","",0
"Destored_Proximity_Mine","#SCORE_EVENT_DESTROYED_PROXIMITY_CHARGE","#SCORE_EVENT_DESTROYED_PROXIMITY_CHARGE","POINTVALUE_DESTROYED_PROXIMITY_MINE","","","0","0","0","0","","MEDAL","rui/medals/medal_prototype","",0
"Destroyed_Satchel","#SCORE_EVENT_DESTROYED_SATCHEL_CHARGE","#SCORE_EVENT_DESTROYED_SATCHEL_CHARGE","POINTVALUE_DESTROYED_SATCHEL","","","0","0","0","0","","MEDAL","rui/medals/medal_prototype","",0
"Dominating","#SCORE_EVENT_DOMINATING","#SCORE_EVENT_DOMINATING","POINTVALUE_DOMINATING","","","0","0","0","0","","MEDAL","rui/medals/kill_multiple","kc_dominating",0
"DoomAutoTitan","#MEDAL_DOOMED_TITAN","#MEDAL_DOOMED_TITAN","100","BURN_METER_SMALL_POINT_VALUE","","0","0","0","0","","MEDAL","rui/medals/kill_robot","",0
"DoomTitan","#MEDAL_DOOMED_TITAN","#MEDAL_DOOMED_TITAN","100","BURN_METER_SMALL_POINT_VALUE","","0","0","0","0","","BIG MEDAL","rui/medals/kill_robot","",0
"DoubleKill","#SCORE_EVENT_DOUBLE_KILL","#SCORE_EVENT_DOUBLE_KILL","POINTVALUE_DOUBLEKILL","","","0","0","0","0","","MEDAL","rui/medals/kill_multiple","kc_doublekill",0
"EliminatePilot","#SCORE_EVENT_ELIMINATED_PILOT","#MEDAL_ELIMINATED_PILOT","POINTVALUE_ELIMINATE_PILOT","BURN_METER_SMALL_POINT_VALUE","","0","0","1","0","KILL","BIG MEDAL CENTER","rui/medals/kill","",0
"EliminateTitan","#MEDAL_ELIMINATED_TITAN","#MEDAL_ELIMINATED_TITAN","1","BURN_METER_SMALL_POINT_VALUE","","0","0","1","0","","CALLINGCARD MEDAL","rui/medals/kill_robot","",0
"EliminateAutoTitan","#MEDAL_ELIMINATED_TITAN","#MEDAL_ELIMINATED_TITAN","1","BURN_METER_SMALL_POINT_VALUE","","0","0","1","0","","CALLINGCARD MEDAL","rui/medals/kill_robot","",0
"FirstStrike","#SCORE_EVENT_FIRST_STRIKE","#SCORE_EVENT_FIRST_STRIKE","POINTVALUE_FIRST_STRIKE","","","0","0","0","0","","CALLINGCARD MEDAL","rui/medals/first_strike","kc_firstblood",0
"FirstTitanfall","#SCORE_EVENT_FIRST_TITANFALL","#SCORE_EVENT_FIRST_TITANFALL","POINTVALUE_FIRST_TITANFALL","","","0","1","0","0","TITAN_FALL","CALLINGCARD MEDAL","rui/medals/titanfall","",0
"FishInBarrel","#SCORE_EVENT_FISH_IN_A_BARREL","#SCORE_EVENT_FISH_IN_A_BARREL","POINTVALUE_FISHINBARREL","","","0","0","0","0","","MEDAL","rui/medals/medal_prototype","",0
"FlagCapture","#SCORE_EVENT_FLAG_CAPTURE","#SCORE_EVENT_FLAG_CAPTURE","POINTVALUE_FLAG_CAPTURE","","","0","0","0","0","","CALLINGCARD MEDAL GAMEMODE","rui/medals/ctf","",0
"FlagTaken","#SCORE_EVENT_FLAG_TAKEN","#SCORE_EVENT_FLAG_TAKEN","POINTVALUE_FLAG_TAKEN","","","0","0","0","0","","CALLINGCARD MEDAL GAMEMODE","rui/medals/ctf","",0
"FlagCaptureAssist","#SCORE_EVENT_FLAG_CAPTURE_ASSIST","#SCORE_EVENT_FLAG_CAPTURE_ASSIST","POINTVALUE_FLAG_CAPTURE_ASSIST","","","0","0","0","0","","MEDAL","rui/medals/ctf","",0
"FlagCarrierKill","#SCORE_EVENT_KILLED_FLAG_CARRIER","#SCORE_EVENT_KILLED_FLAG_CARRIER","POINTVALUE_FLAG_CARRIER_KILL","","","0","0","0","0","","MEDAL GAMEMODE","rui/medals/ctf","",0
"FlagReturn","#SCORE_EVENT_FLAG_RETURN","#SCORE_EVENT_FLAG_RETURN","POINTVALUE_FLAG_RETURN","","","0","0","0","0","","CALLINGCARD MEDAL GAMEMODE","rui/medals/ctf","",0
"FlyerKill","#SCORE_EVENT_KILLED_FLYER","#MEDAL_KILLED_FLYER","POINTVALUE_KILL_FLYER","","","0","0","0","0","","MEDAL","rui/medals/medal_prototype","",0
"GetToChopper","#SCORE_EVENT_GET_TO_THE_CHOPPER","#SCORE_EVENT_GET_TO_THE_CHOPPER","POINTVALUE_GET_TO_CHOPPER","","","0","0","0","0","","MEDAL","rui/medals/extract","",0
"GiveRide","#SCORE_EVENT_GIVE_A_FRIEND_A_LIFT","#SCORE_EVENT_GIVE_A_FRIEND_A_LIFT","POINTVALUE_FRIEND_RIDE","","","0","0","0","0","","MEDAL","rui/medals/medal_prototype","",0
"HappyHourBonus","#SCORE_EVENT_HAPPY_HOUR_BONUS","#SCORE_EVENT_HAPPY_HOUR_BONUS","","","","5","0","0","0","HAPPY_HOUR","MEDAL CHALLENGE GAMEMODE","rui/medals/victory","",0
"HardpointAssault","#SCORE_EVENT_HARDPOINT_ASSAULT","#SCORE_EVENT_HARDPOINT_ASSAULT","POINTVALUE_HARDPOINT_ASSAULT","","ASSAULT","0","0","0","0","","MEDAL GAMEMODE","rui/medals/hardpoint","",0
"HardpointDefense","#SCORE_EVENT_HARDPOINT_DEFENSE","#SCORE_EVENT_HARDPOINT_DEFENSE","POINTVALUE_HARDPOINT_DEFENSE","","DEFENSE","0","0","0","0","","MEDAL GAMEMODE","rui/medals/hardpoint","",0
"HardpointPerimeterDefense","#SCORE_EVENT_HARDPOINT_PERIMETER_DEFENSE","#SCORE_EVENT_HARDPOINT_PERIMETER_DEFENSE","POINTVALUE_HARDPOINT_PERIMETER_DEFENSE","","DEFENSE","0","0","0","0","","MEDAL GAMEMODE","rui/medals/hardpoint","",0
"HardpointSiege","#SCORE_EVENT_HARDPOINT_SIEGE","#SCORE_EVENT_HARDPOINT_SIEGE","POINTVALUE_HARDPOINT_SIEGE","","ASSAULT","0","0","0","0","","MEDAL GAMEMODE","rui/medals/hardpoint","",0
"HardpointSnipe","#SCORE_EVENT_HARDPOINT_RANGED_SUPPORT","#SCORE_EVENT_HARDPOINT_RANGED_SUPPORT","POINTVALUE_HARDPOINT_SNIPE","","ASSAULT","0","0","0","0","","MEDAL GAMEMODE","rui/medals/hardpoint","",0
"Headshot","#MEDAL_HEADSHOT","#MEDAL_HEADSHOT","POINTVALUE_HEADSHOT","","","0","0","0","0","","MEDAL","rui/medals/headshot","",0
"HitchRide","#SCORE_EVENT_HITCH_A_RIDE","#SCORE_EVENT_HITCH_A_RIDE","POINTVALUE_RODEOD_FRIEND","","","0","0","0","0","","MEDAL","rui/medals/medal_prototype","",0
"HotZoneExtract","#SCORE_EVENT_HOT_ZONE_EXTRACT","#SCORE_EVENT_HOT_ZONE_EXTRACT","POINTVALUE_HOTZONE_EXTRACT","","","1","0","0","1","EVAC","MEDAL","rui/medals/extract","",0
"KillAutoTitan","#MEDAL_KILLED_TITAN","#MEDAL_KILLED_TITAN","POINTVALUE_KILL_TITAN","BURN_METER_SMALL_POINT_VALUE","","0","0","1","0","","CALLINGCARD MEDAL","rui/medals/kill_robot","",0
"KillDrone","#SCORE_EVENT_KILLED_DRONE","#MEDAL_KILLED_DRONE","POINTVALUE_KILL_DRONE","","","0","0","0","0","","MEDAL","rui/medals/kill_robot","",0
"KillDropship","#SCORE_EVENT_EVAC_DENIED","#SCORE_EVENT_EVAC_DENIED","POINTVALUE_EVAC_DENIED","","","0","0","0","0","","MEDAL","rui/medals/extract","",0
"KilledEscapee","#SCORE_EVENT_KILLED_EVACUATING_ENEMY","#MEDAL_KILLED_EVACUATING_ENEMY","POINTVALUE_KILLED_ESCAPEE","","","0","0","0","0","","MEDAL","rui/medals/kill_multiple","",0
"KilledMVP","#SCORE_EVENT_KILLED_MVP","#MEDAL_KILLED_MVP","POINTVALUE_KILLED_MVP","","","0","0","0","0","","MEDAL","rui/medals/kill","",0
"KillGrunt","#SCORE_EVENT_KILLED_MILITIA","#SCORE_EVENT_KILLED_MILITIA","POINTVALUE_KILL_FIRETEAM_AI","","","0","0","0","0","","MEDAL GAMEMODE","rui/medals/kill","",0
"KillHeavyTurret","#SCORE_EVENT_KILLED_HEAVY_TURRET","#SCORE_EVENT_KILLED_HEAVY_TURRET","POINTVALUE_KILL_HEAVY_TURRET","","","0","0","0","0","","MEDAL","rui/medals/medal_prototype","",0
"KillingSpree","#SCORE_EVENT_KILLING_SPREE","#SCORE_EVENT_KILLING_SPREE","POINTVALUE_KILLINGSPREE","","","0","0","0","0","","MEDAL","rui/medals/kill_multiple","kc_killingspree",0
"KillLightTurret","#SCORE_EVENT_KILLED_LIGHT_TURRET","#SCORE_EVENT_KILLED_LIGHT_TURRET","POINTVALUE_KILL_LIGHT_TURRET","","","0","0","0","0","","MEDAL","rui/medals/medal_prototype","",0
"KillPilot","#SCORE_EVENT_KILLED_PILOT","#MEDAL_KILLED_PILOT","1","BURN_METER_SMALL_POINT_VALUE","","0","0","1","0","KILL","BIG MEDAL CENTER","rui/medals/kill","",0
"KillProwler","#SCORE_EVENT_KILLED_PROWLER","#MEDAL_KILLED_PROWLER","POINTVALUE_KILL_PROWLER","","","0","0","0","0","","MEDAL","rui/medals/medal_prototype","",0
"KillRescueShip","#SCORE_EVENT_EVAC_DENIED","#SCORE_EVENT_EVAC_DENIED","POINTVALUE_EVAC_DENIED","","","0","0","0","0","","MEDAL","rui/medals/extract","",0
"KillSpectre","#SCORE_EVENT_KILLED_SPECTRE","#MEDAL_KILLED_SPECTRE","POINTVALUE_KILL_SPECTRE","","","0","0","0","0","","MEDAL","rui/medals/kill_robot","",0
"KillStalker","#SCORE_EVENT_KILLED_STALKER","#MEDAL_KILLED_STALKER","POINTVALUE_KILL_STALKER","","","0","0","0","0","","MEDAL","rui/medals/kill_robot","",0
"KillHackedSpectre","#SCORE_EVENT_KILLED_HACKED_SPECTRE","#MEDAL_KILLED_SPECTRE","POINTVALUE_KILL_SPECTRE","","","0","0","0","0","","MEDAL","rui/medals/kill_robot","",0
"KillSuperSpectre","#SCORE_EVENT_KILLED_SUPER_SPECTRE","#MEDAL_KILLED_SUPER_SPECTRE","POINTVALUE_KILL_SUPER_SPECTRE","","","0","0","0","0","","MEDAL","rui/medals/kill_robot","",0
"KillTitan","#MEDAL_KILLED_TITAN","#MEDAL_KILLED_TITAN","POINTVALUE_KILL_TITAN","BURN_METER_SMALL_POINT_VALUE","","0","0","1","0","KILL","CALLINGCARD MEDAL CENTER","rui/medals/kill_robot","",0
"TitanKillTitan","#MEDAL_KILLED_TITAN","#MEDAL_KILLED_TITAN","POINTVALUE_KILL_TITAN","BURN_METER_SMALL_POINT_VALUE","","0","1","1","0","KILL","CALLINGCARD MEDAL CENTER","rui/medals/kill_robot","",0
"LeechDrone","#SCORE_EVENT_LEECHED_DRONE","#SCORE_EVENT_LEECHED_DRONE","POINTVALUE_LEECH_DRONE","","","0","0","0","0","","MEDAL","rui/medals/kill_robot","",0
"LeechSpectre","#SCORE_EVENT_LEECHED_SPECTRE","#SCORE_EVENT_LEECHED_SPECTRE","POINTVALUE_LEECH_SPECTRE","","","0","0","0","0","","MEDAL","rui/medals/kill_robot","",0
"LeechSuperSpectre","#SCORE_EVENT_LEECHED_SUPER_SPECTRE","#SCORE_EVENT_LEECHED_SUPER_SPECTRE","POINTVALUE_LEECH_SUPER_SPECTRE","","","0","0","0","0","","MEDAL","rui/medals/kill_robot","",0
"MarkedEscort","#SCORE_EVENT_PROTECTED_MARKED_TARGET","#SCORE_EVENT_PROTECTED_MARKED_TARGET","POINTVALUE_MARKED_ESCORT","","","0","0","0","0","","MEDAL GAMEMODE","rui/medals/kill","",0
"MarkedKilledMarked","#SCORE_EVENT_MARKED_KILLED_MARKED","#SCORE_EVENT_MARKED_KILLED_MARKED","POINTVALUE_MARKED_KILLED_MARKED","","","0","0","0","0","","MEDAL GAMEMODE","rui/hud/gametype_icons/mfd/mfd_enemy","",0
"MarkedOutlastedEnemyMarked","#SCORE_EVENT_MARKED_OUTLASTED_ENEMY_MARK","#SCORE_EVENT_MARKED_OUTLASTED_ENEMY_MARK","POINTVALUE_MARKED_OUTLASTED_ENEMY_MARKED","","","0","0","0","0","","MEDAL GAMEMODE","rui/hud/gametype_icons/mfd/mfd_friendly","",0
"MarkedSurvival","#SCORE_EVENT_MARKED_SURVIVAL","#SCORE_EVENT_MARKED_SURVIVAL","POINTVALUE_MARKED_SURVIVAL","","","0","0","0","0","","MEDAL GAMEMODE","rui/hud/gametype_icons/mfd/mfd_friendly","",0
"MarkedTargetKilled","#SCORE_EVENT_KILLED_MARKED_TARGET","#SCORE_EVENT_KILLED_MARKED_TARGET","POINTVALUE_MARKED_TARGET_KILLED","","","0","0","0","0","","MEDAL GAMEMODE","rui/hud/gametype_icons/mfd/mfd_enemy","",0
"MatchComplete","#SCORE_EVENT_COMPLETION","#SCORE_EVENT_COMPLETION","POINTVALUE_MATCH_COMPLETION","","","1","0","0","0","MATCH_COMPLETED","MEDAL","rui/medals/victory","",0
"MatchVictory","#SCORE_EVENT_VICTORY","#SCORE_EVENT_VICTORY","POINTVALUE_MATCH_VICTORY","","","1","0","0","1","MATCH_VICTORY","MEDAL GAMEMODE","rui/medals/victory","",0
"Mayhem","#SCORE_EVENT_MAYHEM","#SCORE_EVENT_MAYHEM","POINTVALUE_MAYHEM","","","0","0","0","0","","MEDAL","rui/medals/kill_multiple","",0
"MegaKill","#SCORE_EVENT_MEGA_KILL","#SCORE_EVENT_MEGA_KILL","POINTVALUE_MEGAKILL","","","0","0","0","0","","CALLINGCARD MEDAL","rui/medals/kill_multiple","kc_megakill",0
"Nemesis","#SCORE_EVENT_NEMESIS","#SCORE_EVENT_NEMESIS","POINTVALUE_NEMESIS","","","0","0","0","0","","MEDAL","rui/medals/kill","kc_retribution",0
"NewPlayerBonus","#SCORE_EVENT_NEW_PLAYER_BONUS","#SCORE_EVENT_NEW_PLAYER_BONUS","POINTVALUE_MATCH_VICTORY","","","0","0","0","0","","MEDAL GAMEMODE","rui/medals/victory","",0
"NPCHeadshot","#SCORE_EVENT_HEADSHOT","#SCORE_EVENT_HEADSHOT","POINTVALUE_NPC_HEADSHOT","","","0","0","0","0","","MEDAL","rui/medals/headshot","",0
"Onslaught","#SCORE_EVENT_ONSLAUGHT","#SCORE_EVENT_ONSLAUGHT","POINTVALUE_ONSLAUGHT","","","0","0","0","0","","MEDAL","rui/medals/kill_multiple","",0
"PilotAmmoPickup","Picked Up Ammo","Picked Up Ammo","50","","","0","0","0","0","","MEDAL","rui/medals/medal_prototype","",1
"PilotAssist","#MEDAL_ASSIST_PILOT","#MEDAL_ASSIST_PILOT","POINTVALUE_ASSIST","","","0","0","0","0","","MEDAL GAMEMODE","rui/medals/kill","",0
"PilotBatteryApplied","#SCORE_EVENT_BATTERY_APPLY","#SCORE_EVENT_BATTERY_APPLY","50","","","0","0","0","0","","MEDAL","rui/medals/medal_prototype","",1
"PilotBatteryPickup","#SCORE_EVENT_BATTERY_PICKUP","#SCORE_EVENT_BATTERY_PICKUP","50","","","0","0","0","0","","MEDAL","rui/medals/medal_prototype","",1
"PilotBatteryStolen","#SCORE_EVENT_BATTERY_STEAL","#SCORE_EVENT_BATTERY_STEAL","50","","","0","0","0","0","","MEDAL","rui/medals/medal_prototype","",1
"QuickRevenge","#SCORE_EVENT_QUICK_REVENGE","#SCORE_EVENT_QUICK_REVENGE","POINTVALUE_REVENGE_QUICK","","","0","0","0","0","","MEDAL","rui/medals/kill_multiple","",0
"Rampage","#SCORE_EVENT_RAMPAGE","#SCORE_EVENT_RAMPAGE","POINTVALUE_RAMPAGE","","","0","0","0","0","","MEDAL","rui/medals/kill_multiple","kc_rampage",0
"Revenge","#SCORE_EVENT_REVENGE","#SCORE_EVENT_REVENGE","POINTVALUE_REVENGE","","","0","0","0","0","","MEDAL","rui/medals/kill_multiple","",0
"RodeoEnemyTitan","#SCORE_EVENT_RODEOED_ENEMY_TITAN","#SCORE_EVENT_RODEOED_ENEMY_TITAN","POINTVALUE_RODEOD","","","0","0","0","0","","MEDAL","rui/medals/medal_prototype","",0
"RoundComplete","#SCORE_EVENT_ROUND_COMPLETION","#SCORE_EVENT_ROUND_COMPLETION","POINTVALUE_ROUND_COMPLETION","","","0","0","0","0","","MEDAL","rui/medals/victory","",0
"RoundVictory","#SCORE_EVENT_ROUND_WIN","#SCORE_EVENT_ROUND_WIN","POINTVALUE_ROUND_WIN","","","0","0","0","0","","MEDAL GAMEMODE","rui/medals/victory","",0
"SelfBonusKilledAll","#SCORE_EVENT_SOLO_KILLED_ALL_COMBATANTS","#SCORE_EVENT_SOLO_KILLED_ALL_COMBATANTS","POINTVALUE_FULL_TEAM_KILL_SOLO","","","0","0","0","0","","MEDAL","rui/medals/kill_multiple","",0
"Showstopper","#SCORE_EVENT_SHOWSTOPPER","#SCORE_EVENT_SHOWSTOPPER","POINTVALUE_SHOWSTOPPER","","","0","0","0","0","","MEDAL","rui/medals/kill_multiple","kc_iced",0
"SoleSurvivor","#SCORE_EVENT_SOLE_SURVIVOR","#SCORE_EVENT_SOLE_SURVIVOR","POINTVALUE_SOLE_SURVIVOR","","","0","0","0","0","","MEDAL","rui/medals/extract","",0
"SpotAssist","#SCORE_EVENT_SPOT_ASSIST","#SCORE_EVENT_SPOT_ASSIST","POINTVALUE_ASSIST","","","0","0","0","0","","MEDAL","rui/medals/headshot","",0
"TeamBonusFullEvac","#SCORE_EVENT_TEAM_BONUS_FULL_TEAM_EVAC","#SCORE_EVENT_TEAM_BONUS_FULL_TEAM_EVAC","POINTVALUE_FULL_TEAM_EVAC","","","0","0","0","0","","MEDAL","rui/medals/extract","",0
"TeamBonusKilledAll","#SCORE_EVENT_TEAM_BONUS_KILLED_ALL_COMBATANTS","#SCORE_EVENT_TEAM_BONUS_KILLED_ALL_COMBATANTS","POINTVALUE_FULL_TEAM_KILL","","","0","0","0","0","","MEDAL","rui/medals/kill_multiple","",0
"TitanAssist","#MEDAL_ASSIST_TITAN","#MEDAL_ASSIST_TITAN","POINTVALUE_ASSIST_TITAN","","","0","0","0","0","","MEDAL GAMEMODE","rui/medals/kill_robot","",0
"TitanCoreEarned","#SCORE_EVENT_CORE_EARNED","#SCORE_EVENT_CORE_EARNED","POINTVALUE_CALLED_IN_TITAN","","","0","1","0","0","TITAN_CORE_EARNED","CALLINGCARD MEDAL","rui/medals/titanfall","",0
"Titanfall","#SCORE_EVENT_TITANFALL","#SCORE_EVENT_TITANFALL","POINTVALUE_CALLED_IN_TITAN","","","0","1","0","0","TITAN_FALL","CALLINGCARD MEDAL","rui/medals/titanfall","",0
"TripleKill","#SCORE_EVENT_TRIPLE_KILL","#SCORE_EVENT_TRIPLE_KILL","POINTVALUE_TRIPLEKILL","","","0","0","0","0","","MEDAL","rui/medals/kill_multiple","kc_triplekill",0
"VictoryKill","#SCORE_EVENT_VICTORY_KILL","#SCORE_EVENT_VICTORY_KILL","POINTVALUE_VICTORYKILL","BURN_METER_SMALL_POINT_VALUE","","0","0","0","0","","CALLINGCARD MEDAL GAMEMODE","rui/medals/kill","",0
"FactionLevelUp","","","","","","1","0","0","0","FACTION_LEVELED","","","",0
"TitanLevelUp","","","","","","1","0","0","0","TITAN_LEVELED","","","",0
"WeaponLevelUp","","","","","","1","0","0","0","WEAPON_LEVELED","","","",0
"FortWarAssault","#SCORE_EVENT_FW_ASSAULT","#SCORE_EVENT_FW_ASSAULT","POINTVALUE_FW_ASSAULT","","ASSAULT","0","0","0","0","","MEDAL GAMEMODE","rui/medals/hardpoint","",0
"FortWarDefense","#SCORE_EVENT_FW_DEFENSE","#SCORE_EVENT_FW_DEFENSE","POINTVALUE_FW_DEFENSE","","DEFENSE","0","0","0","0","","MEDAL GAMEMODE","rui/medals/hardpoint","",0
"FortWarPerimeterDefense","#SCORE_EVENT_FW_PERIMETER_DEFENSE","#SCORE_EVENT_FW_PERIMETER_DEFENSE","POINTVALUE_FW_PERIMETER_DEFENSE","","DEFENSE","0","0","0","0","","MEDAL GAMEMODE","rui/medals/hardpoint","",0
"FortWarSiege","#SCORE_EVENT_FW_SIEGE","#SCORE_EVENT_FW_SIEGE","POINTVALUE_FW_SIEGE","","ASSAULT","0","0","0","0","","MEDAL GAMEMODE","rui/medals/hardpoint","",0
"FortWarSnipe","#SCORE_EVENT_FW_RANGED_SUPPORT","#SCORE_EVENT_FW_RANGED_SUPPORT","POINTVALUE_FW_SNIPE","","ASSAULT","0","0","0","0","","MEDAL GAMEMODE","rui/medals/hardpoint","",0
"FortWarBaseConstruction","#SCORE_EVENT_FW_BASE_CONSTRUCTION","#SCORE_EVENT_FW_BASE_CONSTRUCTION","POINTVALUE_FW_BASE_CONSTRUCTION","","DEFENSE","0","0","0","0","","MEDAL GAMEMODE","rui/medals/hardpoint","",0
"FortWarForwardConstruction","#SCORE_EVENT_FW_FORWARD_CONSTRUCTION","#SCORE_EVENT_FW_FORWARD_CONSTRUCTION","POINTVALUE_FW_FORWARD_CONSTRUCTION","","DEFENSE","0","0","0","0","","MEDAL GAMEMODE","rui/medals/hardpoint","",0
"FortWarInvasiveConstruction","#SCORE_EVENT_FW_INVASIVE_CONSTRUCTION","#SCORE_EVENT_FW_INVASIVE_CONSTRUCTION","POINTVALUE_FW_INVASIVE_CONSTRUCTION","","DEFENSE","0","0","0","0","","MEDAL GAMEMODE","rui/medals/hardpoint","",0
"FortWarShieldConstruction","#SCORE_EVENT_FW_SHIELD_CONSTRUCTION","#SCORE_EVENT_FW_SHIELD_CONSTRUCTION","POINTVALUE_FW_SHIELD_CONSTRUCTION","","DEFENSE","0","0","0","0","","MEDAL GAMEMODE","rui/medals/hardpoint","",0
"FortWarResourceDenial","#SCORE_EVENT_FW_RESOURCE_DENIAL","#SCORE_EVENT_FW_RESOURCE_DENIAL","POINTVALUE_FW_RESOURCE_DENIAL","","ASSAULT","0","0","0","0","","MEDAL GAMEMODE","rui/medals/hardpoint","",0
"FortWarTowerDamage","#SCORE_EVENT_FW_TOWER_DAMAGE","#SCORE_EVENT_FW_TOWER_DAMAGE","POINTVALUE_FW_TOWER_DAMAGE","","ASSAULT","0","0","0","0","","MEDAL GAMEMODE","rui/medals/hardpoint","",0
"FortWarTowerDefense","#SCORE_EVENT_FW_TOWER_DEFENSE","#SCORE_EVENT_FW_TOWER_DEFENSE","POINTVALUE_FW_TOWER_DEFENSE","","DEFENSE","0","0","0","0","","MEDAL GAMEMODE","rui/medals/hardpoint","",0
"FortWarTeamTurretControlBonus_One","#SCORE_EVENT_FW_TURRET_CONTROL_ONE","#SCORE_EVENT_FW_TURRET_CONTROL_ONE","POINTVALUE_FW_TEAM_TURRET_CONTROL","","DEFENSE","0","0","0","0","","MEDAL","rui/medals/hardpoint","",0
"FortWarTeamTurretControlBonus_Two","#SCORE_EVENT_FW_TURRET_CONTROL_TWO","#SCORE_EVENT_FW_TURRET_CONTROL_TWO","POINTVALUE_FW_TEAM_TURRET_CONTROL","","DEFENSE","0","0","0","0","","MEDAL","rui/medals/hardpoint","",0
"FortWarTeamTurretControlBonus_Three","#SCORE_EVENT_FW_TURRET_CONTROL_THREE","#SCORE_EVENT_FW_TURRET_CONTROL_THREE","POINTVALUE_FW_TEAM_TURRET_CONTROL","","DEFENSE","0","0","0","0","","MEDAL","rui/medals/hardpoint","",0
"FortWarTeamTurretControlBonus_Four","#SCORE_EVENT_FW_TURRET_CONTROL_FOUR","#SCORE_EVENT_FW_TURRET_CONTROL_FOUR","POINTVALUE_FW_TEAM_TURRET_CONTROL","","DEFENSE","0","0","0","0","","MEDAL","rui/medals/hardpoint","",0
"FortWarTeamTurretControlBonus_Five","#SCORE_EVENT_FW_TURRET_CONTROL_FIVE","#SCORE_EVENT_FW_TURRET_CONTROL_FIVE","POINTVALUE_FW_TEAM_TURRET_CONTROL","","DEFENSE","0","0","0","0","","MEDAL","rui/medals/hardpoint","",0
"FortWarTeamTurretControlBonus_Six","#SCORE_EVENT_FW_TURRET_CONTROL_SIX","#SCORE_EVENT_FW_TURRET_CONTROL_SIX","POINTVALUE_FW_TEAM_TURRET_CONTROL","","DEFENSE","0","0","0","0","","MEDAL","rui/medals/hardpoint","",0
"FortWarSecuringGatheredResources","#SCORE_EVENT_FW_SECURING_RESOURCES","#SCORE_EVENT_FW_SECURING_RESOURCES","POINTVALUE_FW_SECURING_RESOURCES","","ASSAULT","0","0","0","0","","MEDAL GAMEMODE","rui/medals/hardpoint","",0
"FortWarShieldDestroyed","#SCORE_EVENT_FW_DESTROYED_TURRET_SHIELD","#SCORE_EVENT_FW_DESTROYED_TURRET_SHIELD","POINTVALUE_FW_DESTROY_TURRET_SHIELD","","ASSAULT","0","0","0","0","","MEDAL GAMEMODE","rui/medals/hardpoint","",0
"HuntedEliminatePilot","#SCORE_EVENT_HUNTED_HUNTER_KILLED","#SCORE_EVENT_HUNTED_HUNTER_KILLED","POINTVALUE_HUNTED_ELIMINATE_HUNTER","","DEFENSE","0","0","0","0","","ATTRITION MEDAL GAMEMODE","rui/medals/kill","",0
"HuntedEliminateGrunt","#SCORE_EVENT_HUNTED_GRUNT_KILLED","#SCORE_EVENT_HUNTED_GRUNT_KILLED","POINTVALUE_HUNTED_ELIMINATE_GRUNT","","ASSAULT","0","0","0","0","","ATTRITION MEDAL GAMEMODE","rui/medals/kill","",0
"HuntedEliminateSquad","#SCORE_EVENT_HUNTED_SQUAD_KILLED","#SCORE_EVENT_HUNTED_SQUAD_KILLED","POINTVALUE_HUNTED_ELIMINATE_SQUAD","","ASSAULT","0","0","0","0","","ATTRITION MEDAL GAMEMODE","rui/medals/kill_multiple","",0
"HuntedAquireAsset","#SCORE_EVENT_HUNTED_AQUIRE_ASSET","#SCORE_EVENT_HUNTED_AQUIRE_ASSET","POINTVALUE_HUNTED_AQUIRE_ASSET","","DEFENSE","0","0","0","0","","ATTRITION MEDAL GAMEMODE","rui/medals/medal_prototype","",0
"HuntedSecureAsset","#SCORE_EVENT_HUNTED_AQUIRE_SECURED","#SCORE_EVENT_HUNTED_AQUIRE_SECURED","POINTVALUE_HUNTED_SECURE_ASSET","","DEFENSE","0","0","0","0","","ATTRITION MEDAL GAMEMODE","rui/medals/medal_prototype","",0
"HuntedExtractAsset","#SCORE_EVENT_HUNTED_AQUIRE_EXTRACTED","#SCORE_EVENT_HUNTED_AQUIRE_EXTRACTED","POINTVALUE_HUNTED_EXTRACT_ASSET","","DEFENSE","0","0","0","0","","ATTRITION MEDAL GAMEMODE","rui/medals/medal_prototype","",0
"HuntedSurvival","#SCORE_EVENT_HUNTED_OBJECTIVE_SURVIVAL","#SCORE_EVENT_HUNTED_OBJECTIVE_SURVIVAL","POINTVALUE_HUNTED_OBJECTIVE_SURVIVAL","","DEFENSE","0","0","0","0","","ATTRITION MEDAL GAMEMODE","rui/medals/medal_prototype","",0
"HuntedMissionSurvival","#SCORE_EVENT_HUNTED_MISSION_SURVIVAL","#SCORE_EVENT_HUNTED_MISSION_SURVIVAL","POINTVALUE_HUNTED_MISSION_SURVIVAL","","DEFENSE","0","0","0","0","","ATTRITION MEDAL GAMEMODE","rui/medals/medal_prototype","",0
"MFDMarked","#SCORE_EVENT_MARKED_FOR_DEATH_TARGET","#SCORE_EVENT_MARKED_FOR_DEATH_TARGET","POINTVALUE_MARKED_TARGET","","","0","1","0","0","","CALLINGCARD MEDAL","rui/medals/titanfall","",0
"BombPlantRaid","#SCORE_EVENT_BOMB_PLANT_POINTS","#SCORE_EVENT_BOMB_PLANT_POINTS","GAMEMODE_RAID_SCORE_PLANT","","ASSAULT","0","0","0","0","","MEDAL GAMEMODE","rui/medals/bomb","",0
"ATCOOPAirDroneKilled","#SCORE_EVENT_AT_AIR_DRONE_KILLED","#SCORE_EVENT_AT_AIR_DRONE_KILLED","ATCOOP_SCORE_AIR_DRONE","","ASSAULT","0","0","0","0","","ATTRITION MEDAL GAMEMODE","rui/medals/kill_robot","",0
"ATCOOPBossKilled","#SCORE_EVENT_AT_BOSS_KILLED","#SCORE_EVENT_AT_BOSS_KILLED","ATCOOP_SCORE_BOSS","","ASSAULT","0","0","0","0","","CALLINGCARD MEDAL GAMEMODE","rui/medals/kill_robot","",0
"ATCOOPBountySurvived","#SCORE_EVENT_AT_BOUNTY_SURVIVED","#SCORE_EVENT_AT_BOUNTY_SURVIVED","ATCOOP_SCORE_BOUNTY_SURVIVAL","","","0","0","0","0","","ATTRITION MEDAL GAMEMODE","rui/medals/victory","",0
"ATCOOPGruntKilled","#SCORE_EVENT_AT_GRUNT_KILLED","#SCORE_EVENT_AT_GRUNT_KILLED","ATCOOP_SCORE_GRUNT","","ASSAULT","0","0","0","0","","ATTRITION MEDAL GAMEMODE","rui/medals/kill","",0
"ATCOOPMegaTurretKilled","#SCORE_EVENT_AT_MEGA_TURRET_KILLED","#SCORE_EVENT_AT_MEGA_TURRET_KILLED","ATCOOP_SCORE_MEGATURRET","","ASSAULT","0","0","0","0","","ATTRITION MEDAL GAMEMODE","rui/medals/kill_robot","",0
"ATCOOPSentryTurretKilled","#SCORE_EVENT_AT_SENTRY_TURRET_KILLED","#SCORE_EVENT_AT_SENTRY_TURRET_KILLED","ATCOOP_SCORE_SENTRYTURRET","","ASSAULT","0","0","0","0","","ATTRITION MEDAL GAMEMODE","rui/medals/kill_robot","",0
"ATCOOPPilotKilled","#SCORE_EVENT_AT_PILOT_KILLED","#SCORE_EVENT_AT_PILOT_KILLED","ATCOOP_SCORE_PILOT","","ASSAULT","0","0","0","0","","ATTRITION MEDAL GAMEMODE","rui/medals/kill","",0
"ATCOOPProwlerKilled","#SCORE_EVENT_AT_PROWLER_KILLED","#SCORE_EVENT_AT_PROWLER_KILLED","ATCOOP_SCORE_PROWLER","","ASSAULT","0","0","0","0","","ATTRITION MEDAL GAMEMODE","rui/medals/kill","",0
"ATCOOPSpectreKilled","#SCORE_EVENT_AT_SPECTRE_KILLED","#SCORE_EVENT_AT_SPECTRE_KILLED","ATCOOP_SCORE_SPECTRE","","ASSAULT","0","0","0","0","","ATTRITION MEDAL GAMEMODE","rui/medals/kill_robot","",0
"ATCOOPStalkerKilled","#SCORE_EVENT_AT_STALKER_KILLED","#SCORE_EVENT_AT_STALKER_KILLED","ATCOOP_SCORE_STALKER","","ASSAULT","0","0","0","0","","ATTRITION MEDAL GAMEMODE","rui/medals/kill_robot","",0
"ATCOOPSuperSpectreKilled","#SCORE_EVENT_AT_SUPER_SPECTRE_KILLED","#SCORE_EVENT_AT_SUPER_SPECTRE_KILLED","ATCOOP_SCORE_SUPER_SPECTRE","","ASSAULT","0","0","0","0","","ATTRITION MEDAL GAMEMODE","rui/medals/kill_robot","",0
"ATCOOPTitanDoomed","#SCORE_EVENT_AT_TITAN_DOOMED","#SCORE_EVENT_AT_TITAN_DOOMED","ATCOOP_SCORE_TITAN","","ASSAULT","0","0","0","0","","ATTRITION MEDAL GAMEMODE","rui/medals/kill_robot","",0
"ATCOOPTitanKilled","#SCORE_EVENT_AT_TITAN_DOOMED","#SCORE_EVENT_AT_TITAN_DOOMED","ATCOOP_SCORE_TITAN","","ASSAULT","0","0","0","0","","ATTRITION MEDAL GAMEMODE","rui/medals/kill_robot","",0
"ATCOOPCashedBonus","#SCORE_EVENT_AT_CASHED_BONUS","#SCORE_EVENT_AT_CASHED_BONUS","ATCOOP_SCORE_BONUS","","ASSAULT","0","0","0","0","","ATTRITION MEDAL GAMEMODE","rui/medals/medal_prototype","",0
"ATCOOPBonusStolen","#SCORE_EVENT_AT_BONUS_STOLEN","#SCORE_EVENT_AT_BONUS_STOLEN","ATCOOP_SCORE_BONUS_STOLEN","","ASSAULT","0","0","0","0","","ATTRITION MEDAL GAMEMODE","rui/medals/kill_robot","",0
"PVESANDBOXAirDroneKilled","#SCORE_EVENT_AT_AIR_DRONE_KILLED","#SCORE_EVENT_AT_AIR_DRONE_KILLED","PVE_SANDBOX_SCORE_AIR_DRONE","","ASSAULT","0","0","0","0","","ATTRITION MEDAL GAMEMODE","rui/medals/kill_robot","",0
"PVESANDBOXBossKilled","#SCORE_EVENT_AT_BOSS_KILLED","#SCORE_EVENT_AT_BOSS_KILLED","PVE_SANDBOX_SCORE_BOSS","","ASSAULT","0","0","0","0","","CALLINGCARD MEDAL GAMEMODE","rui/medals/kill_robot","",0
"PVESANDBOXBountySurvived","#SCORE_EVENT_AT_BOUNTY_SURVIVED","#SCORE_EVENT_AT_BOUNTY_SURVIVED","PVE_SANDBOX_SCORE_BOUNTY_SURVIVAL","","","0","0","0","0","","ATTRITION MEDAL GAMEMODE","rui/medals/victory","",0
"PVESANDBOXGruntKilled","#SCORE_EVENT_AT_GRUNT_KILLED","#SCORE_EVENT_AT_GRUNT_KILLED","PVE_SANDBOX_SCORE_GRUNT","","ASSAULT","0","0","0","0","","ATTRITION MEDAL GAMEMODE","rui/medals/kill","",0
"PVESANDBOXMegaTurretKilled","#SCORE_EVENT_AT_MEGA_TURRET_KILLED","#SCORE_EVENT_AT_MEGA_TURRET_KILLED","PVE_SANDBOX_SCORE_MEGATURRET","","ASSAULT","0","0","0","0","","ATTRITION MEDAL GAMEMODE","rui/medals/kill_robot","",0
"PVESANDBOXSentryTurretKilled","#SCORE_EVENT_AT_SENTRY_TURRET_KILLED","#SCORE_EVENT_AT_SENTRY_TURRET_KILLED","PVE_SANDBOX_SCORE_SENTRYTURRET","","ASSAULT","0","0","0","0","","ATTRITION MEDAL GAMEMODE","rui/medals/kill_robot","",0
"PVESANDBOXPilotKilled","#SCORE_EVENT_AT_PILOT_KILLED","#SCORE_EVENT_AT_PILOT_KILLED","PVE_SANDBOX_SCORE_PILOT","","ASSAULT","0","0","0","0","","ATTRITION MEDAL GAMEMODE","rui/medals/kill","",0
"PVESANDBOXProwlerKilled","#SCORE_EVENT_AT_PROWLER_KILLED","#SCORE_EVENT_AT_PROWLER_KILLED","PVE_SANDBOX_SCORE_PROWLER","","ASSAULT","0","0","0","0","","ATTRITION MEDAL GAMEMODE","rui/medals/kill","",0
"PVESANDBOXSpectreKilled","#SCORE_EVENT_AT_SPECTRE_KILLED","#SCORE_EVENT_AT_SPECTRE_KILLED","PVE_SANDBOX_SCORE_SPECTRE","","ASSAULT","0","0","0","0","","ATTRITION MEDAL GAMEMODE","rui/medals/kill_robot","",0
"PVESANDBOXStalkerKilled","#SCORE_EVENT_AT_STALKER_KILLED","#SCORE_EVENT_AT_STALKER_KILLED","PVE_SANDBOX_SCORE_STALKER","","ASSAULT","0","0","0","0","","ATTRITION MEDAL GAMEMODE","rui/medals/kill_robot","",0
"PVESANDBOXSuperSpectreKilled","#SCORE_EVENT_AT_SUPER_SPECTRE_KILLED","#SCORE_EVENT_AT_SUPER_SPECTRE_KILLED","PVE_SANDBOX_SCORE_SUPER_SPECTRE","","ASSAULT","0","0","0","0","","ATTRITION MEDAL GAMEMODE","rui/medals/kill_robot","",0
"PVESANDBOXTitanDoomed","#SCORE_EVENT_AT_TITAN_DOOMED","#SCORE_EVENT_AT_TITAN_DOOMED","PVE_SANDBOX_SCORE_TITAN","","ASSAULT","0","0","0","0","","ATTRITION MEDAL GAMEMODE","rui/medals/kill_robot","",0
"PVESANDBOXTitanKilled","#SCORE_EVENT_AT_TITAN_DOOMED","#SCORE_EVENT_AT_TITAN_DOOMED","PVE_SANDBOX_SCORE_TITAN","","ASSAULT","0","0","0","0","","ATTRITION MEDAL GAMEMODE","rui/medals/kill_robot","",0
"PVESANDBOXCashedBonus","#SCORE_EVENT_AT_CASHED_BONUS","#SCORE_EVENT_AT_CASHED_BONUS","PVE_SANDBOX_SCORE_BONUS","","ASSAULT","0","0","0","0","","ATTRITION MEDAL GAMEMODE","rui/medals/medal_prototype","",0
"PVESANDBOXBonusStolen","#SCORE_EVENT_AT_BONUS_STOLEN","#SCORE_EVENT_AT_BONUS_STOLEN","PVE_SANDBOX_SCORE_BONUS_STOLEN","","ASSAULT","0","0","0","0","","ATTRITION MEDAL GAMEMODE","rui/medals/kill_robot","",0
"FDAirDroneKilled","#SCORE_EVENT_AT_AIR_DRONE_KILLED","#SCORE_EVENT_AT_AIR_DRONE_KILLED","FD_SCORE_AIR_DRONE","","","0","0","0","0","","ATTRITION MEDAL GAMEMODE","rui/medals/kill_robot","",0
"FDGruntKilled","#SCORE_EVENT_AT_GRUNT_KILLED","#SCORE_EVENT_AT_GRUNT_KILLED","FD_SCORE_GRUNT","","","0","0","0","0","","ATTRITION MEDAL GAMEMODE","rui/medals/kill","",0
"FDSpectreKilled","#SCORE_EVENT_AT_SPECTRE_KILLED","#SCORE_EVENT_AT_SPECTRE_KILLED","FD_SCORE_SPECTRE","","","0","0","0","0","","ATTRITION MEDAL GAMEMODE","rui/medals/kill_robot","",0
"FDStalkerKilled","#SCORE_EVENT_AT_STALKER_KILLED","#SCORE_EVENT_AT_STALKER_KILLED","FD_SCORE_STALKER","","","0","0","0","0","","ATTRITION MEDAL GAMEMODE","rui/medals/kill_robot","",0
"FDSuperSpectreKilled","#SCORE_EVENT_AT_SUPER_SPECTRE_KILLED","#SCORE_EVENT_AT_SUPER_SPECTRE_KILLED","FD_SCORE_SUPER_SPECTRE","","","0","0","0","0","","ATTRITION MEDAL GAMEMODE","rui/medals/kill_robot","",0
"FDTitanKilled","#SCORE_EVENT_AT_TITAN_DOOMED","#SCORE_EVENT_AT_TITAN_DOOMED","FD_SCORE_TITAN","","","0","0","0","0","","MEDAL GAMEMODE","rui/medals/kill_robot","",0
"FDEnemiesKilled","#SCORE_EVENT_FD_ENEMIES_KILLED","#SCORE_EVENT_FD_ENEMIES_KILLED","FD_SCORE_ENEMIES","","","0","0","0","0","","MEDAL GAMEMODE","rui/medals/kill","",0
"FDWaveMVP","#SCORE_EVENT_FD_WAVE_MVP","#SCORE_EVENT_FD_WAVE_MVP","FD_SCORE_MVP","","","0","0","0","0","","MEDAL_FORCED GAMEMODE CALLINGCARD","rui/medals/mvp","",0
"FDTeamFinalWave","#SCORE_EVENT_FD_TEAM_FINAL_WAVE","#SCORE_EVENT_FD_TEAM_FINAL_WAVE","FD_SCORE_TEAM_FINAL_WAVE","","","0","0","0","0","","MEDAL GAMEMODE","rui/medals/medal_prototype","",0
"FDTeamWave","#SCORE_EVENT_FD_TEAM_WAVE","#SCORE_EVENT_FD_TEAM_WAVE","FD_SCORE_TEAM_WAVE","","","0","0","0","0","","MEDAL_FORCED GAMEMODE","rui/medals/harvester_protect","",0
"FDTeamFlawlessWave","#SCORE_EVENT_FD_TEAM_FLAWLESS_WAVE","#SCORE_EVENT_FD_TEAM_FLAWLESS_WAVE","FD_SCORE_TEAM_FLAWLESS_WAVE","","","0","0","0","0","","MEDAL_FORCED GAMEMODE","rui/medals/shielded_harvester","",0
"PasTitanHunter","#GEAR_AT_HUNTER_KIT","#GEAR_AT_HUNTER_KIT","","","","0","0","0","0","KILL","MEDAL","rui/medals/kill_robot","",0
"Execution","#SCORE_EVENT_EXECUTION","#SCORE_EVENT_EXECUTION","0","BURN_METER_LARGE_POINT_VALUE","","0","0","0","0","","MEDAL","rui/medals/kill","",0
"FDRepairTurret","#SCORE_EVENT_REPAIR_TURRET","#SCORE_EVENT_REPAIR_TURRET","FD_SCORE_REPAIR_TURRET","","","0","0","0","0","","MEDAL GAMEMODE","rui/medals/medal_prototype","",0
"FDDidntDie","#SCORE_EVENT_DIDNT_DIE","#SCORE_EVENT_DIDNT_DIE","FD_SCORE_DIDNT_DIE","","","0","0","0","0","","MEDAL_FORCED GAMEMODE","rui/medals/heal","",0
"FDShieldHarvester","#SCORE_EVENT_FD_SHIELD_HARVESTER","#SCORE_EVENT_FD_SHIELD_HARVESTER","FD_SCORE_SHIELD_HARVESTER","","","0","0","0","0","","MEDAL GAMEMODE","rui/medals/shielded_harvester","",0
"FDSonarPulse","#SCORE_EVENT_FD_SONAR_PULSE","#SCORE_EVENT_FD_SONAR_PULSE","FD_SCORE_SONAR_PULSE","","","0","0","0","0","","MEDAL GAMEMODE","rui/medals/medal_prototype","",0
"FDArcTrapTriggered","#SCORE_EVENT_FD_ARC_TRAP_TRIGGERED","#SCORE_EVENT_FD_ARC_TRAP_TRIGGERED","FD_SCORE_ARC_TRAP_TRIGGERED","","","0","0","0","0","","MEDAL GAMEMODE","rui/medals/kill_robot","",0
"FDTetherTriggered","#SCORE_EVENT_FD_TETHER_TRAP_TRIGGERED","#SCORE_EVENT_FD_TETHER_TRAP_TRIGGERED","FD_SCORE_TETHER_TRAP_TRIGGERED","","","0","0","0","0","","MEDAL GAMEMODE","rui/medals/kill_robot","",0
"FDArcWave","#SCORE_EVENT_FD_ARC_WAVE","#SCORE_EVENT_FD_ARC_WAVE","FD_SCORE_ARC_WAVE","","","0","0","0","0","","MEDAL GAMEMODE","rui/medals/medal_prototype","",0
"FDTeamHeal","#SCORE_EVENT_FD_TEAM_HEAL","#SCORE_EVENT_FD_TEAM_HEAL","FD_SCORE_TEAM_HEAL","","","0","0","0","0","","MEDAL GAMEMODE","rui/medals/heal","",0
"FDDamageBonus","#SCORE_EVENT_FD_DAMAGE_BONUS","#SCORE_EVENT_FD_DAMAGE_BONUS","FD_SCORE_DAMAGE_BONUS","","","0","0","0","0","","MEDAL_FORCED GAMEMODE SHOW_SCORE","rui/medals/medal_prototype","",0
"FDHealingBonus","#SCORE_EVENT_FD_HEALING_BONUS","#SCORE_EVENT_FD_HEALING_BONUS","FD_SCORE_HEALING_BONUS","","","0","0","0","0","","MEDAL_FORCED GAMEMODE SHOW_SCORE","rui/medals/heal","",0
"FDSupportBonus","#SCORE_EVENT_FD_SUPPORT_BONUS","#SCORE_EVENT_FD_SUPPORT_BONUS","FD_SCORE_SUPPORT_BONUS","","","0","0","0","0","","MEDAL_FORCED GAMEMODE SHOW_SCORE","rui/medals/kill_robot","",0